h,h_label,r,t,t_label,tau_start,l_h_lat,l_h_lon,l_t_lat,l_t_lon,h_in_vn,t_in_vn
Q553710,Lê Huỳnh Châu,bornIn,Q1854,Thành phố Hồ Chí Minh,1987.0,10.775555555556,106.70194444444,10.775555555556,106.70194444444,True,True
Q1306742,Hoàng Minh Chính,bornIn,Q6961159,Nam Trực,1922.0,20.3365,106.2167,20.3365,106.2167,True,True
Q1033985,Đặng Trần Côn,bornIn,Q1858,Hà Nội,1710.0,21.0245,105.84117,21.0245,105.84117,True,True
Q1033943,Lê Ý Tông,bornIn,Q1858,Hà Nội,1719.0,21.0245,105.84117,21.0245,105.84117,True,True
Q75404,Phan Khôi,bornIn,Q725063,Điện Bàn,1887.0,15.888472222222,108.25456666667,15.888472222222,108.25456666667,True,True
Q10796457,Mạc Can,bornIn,Q1854,Thành phố Hồ Chí Minh,1945.0,10.775555555556,106.70194444444,10.775555555556,106.70194444444,True,True
Q1317986,Lê Trung Tông,bornIn,Q2421186,Cố đô Hoa Lư,983.0,20.25527778,105.95416667,20.25527778,105.95416667,True,True
Q57400,Nguyễn Minh Triết,bornIn,Q1758262,Bến Cát,1942.0,11.1327465,106.6084327,11.1327465,106.6084327,True,True
Q705695,Trần Tự Khánh,bornIn,Q5942559,Hưng Hà,1150.0,20.583,106.167,20.583,106.167,True,True
Q1155852,Học Phi,bornIn,Q7801034,Tiên Lữ,1913.0,20.700014,106.118414,20.700014,106.118414,True,True
Q1146459,Marcel Nguyễn Tân Văn,bornIn,Q33381,Bắc Ninh,1928.0,21.18608,106.07631,21.18608,106.07631,True,True
Q1237486,Đa Minh Maria Hồ Ngọc Cẩn,bornIn,Q881,Việt Nam,1876.0,16.0,108.0,16.0,108.0,True,True
Q1057829,Elly Trần,bornIn,Q1854,Thành phố Hồ Chí Minh,1987.0,10.775555555556,106.70194444444,10.775555555556,106.70194444444,True,True
Q57600,Nguyễn Tấn Dũng,bornIn,Q25262,Cà Mau,1949.0,9.1833333333333,105.15,9.1833333333333,105.15,True,True
Q49037,Lê Duy Loan,bornIn,Q19491,Nha Trang,1962.0,12.245,109.19166666667,12.245,109.19166666667,True,True
Q3132804,Phạm Xuân Ẩn,bornIn,Q19316,Biên Hòa,1927.0,10.950764,106.822136,10.950764,106.822136,True,True
Q1315961,Vũ Hà Văn,bornIn,Q1858,Hà Nội,1970.0,21.0245,105.84117,21.0245,105.84117,True,True
Q649858,Chu Huy Mân,bornIn,Q33428,Vinh,1913.0,18.673333333333,105.69222222222,18.673333333333,105.69222222222,True,True
Q710698,Giuse Ngô Quang Kiệt,bornIn,Q391406,Thánh địa Mỹ Sơn,1952.0,15.76324,108.124446,15.76324,108.124446,True,True
Q153576,Nguyễn Linh Nga,bornIn,Q1858,Hà Nội,1982.0,21.0245,105.84117,21.0245,105.84117,True,True
Q1033931,Lê Thần Tông,bornIn,Q1858,Hà Nội,1607.0,21.0245,105.84117,21.0245,105.84117,True,True
Q586004,Nguyễn Nhạc,bornIn,Q36693,Bình Định,1743.0,14.166666666667,109.0,14.166666666667,109.0,True,True
Q1062988,Nguyễn Phúc Chu,bornIn,Q1827039,Đàng Trong,1675.0,,,,,True,True
Q578066,Như Loan,bornIn,Q35620,Bảo Lộc,1981.0,11.547980555556,107.80771944444,11.547980555556,107.80771944444,True,True
Q1320245,Kiều Chinh,bornIn,Q1858,Hà Nội,1937.0,21.0245,105.84117,21.0245,105.84117,True,True
Q1320245,Kiều Chinh,bornIn,Q1858,Hà Nội,1939.0,21.0245,105.84117,21.0245,105.84117,True,True
Q545539,Trường Chinh,bornIn,Q33304,Quảng Ngãi,1907.0,15.0,108.66666666667,15.0,108.66666666667,True,True
Q182224,Nguyễn Hải Thần,bornIn,Q864581,Thường Tín,1890.0,20.84537,105.87279,20.84537,105.87279,True,True
Q672819,Huỳnh Quang Thanh,bornIn,Q1854,Thành phố Hồ Chí Minh,1984.0,10.775555555556,106.70194444444,10.775555555556,106.70194444444,True,True
Q1073778,Phan Xích Long,bornIn,Q25897,Tân An,1893.0,10.532222222222,106.40416666667,10.532222222222,106.40416666667,True,True
Q1036300,Xuân Diệu,bornIn,Q36693,Bình Định,1916.0,14.166666666667,109.0,14.166666666667,109.0,True,True
Q57400,Nguyễn Minh Triết,bornIn,Q1758262,Bến Cát,1942.0,10.211666666667,106.60777777778,10.211666666667,106.60777777778,True,True
Q700897,Hoàng Văn Thái,bornIn,Q800054,Tiền Hải,1915.0,20.405467,106.503772,20.405467,106.503772,True,True
Q1155829,Vân Đài,bornIn,Q1858,Hà Nội,1903.0,21.0245,105.84117,21.0245,105.84117,True,True
Q210417,Gia Long,bornIn,Q36167,Huế,1762.0,16.456111111111,107.57638888889,16.456111111111,107.57638888889,True,True
Q1155848,Mộng Tuyết,bornIn,Q800154,Hà Tiên,1914.0,10.38333333,104.48333333,10.38333333,104.48333333,True,True
Q1320128,Đặng Hữu Phúc,bornIn,Q36610,Phú Thọ,1953.0,21.333333333333,105.16666666667,21.333333333333,105.16666666667,True,True
Q1073778,Phan Xích Long,bornIn,Q2405555,Chợ Lớn,1893.0,10.7514918,106.6604732,10.7514918,106.6604732,True,True
Q197941,Jane Lưu,bornIn,Q180573,Việt Nam Cộng hòa,1963.0,10.776944444444,106.69527777778,10.776944444444,106.69527777778,True,True
Q1033940,Mạc Mậu Hợp,bornIn,Q1858,Hà Nội,1560.0,21.0245,105.84117,21.0245,105.84117,True,True
Q1060315,Tôn Thất Thuyết,bornIn,Q36167,Huế,1839.0,16.456111111111,107.57638888889,16.456111111111,107.57638888889,True,True
Q1033935,Lê Thuần Tông,bornIn,Q1858,Hà Nội,1699.0,21.0245,105.84117,21.0245,105.84117,True,True
Q1156050,Trần Ích Tắc,bornIn,Q1858,Hà Nội,1254.0,21.0245,105.84117,21.0245,105.84117,True,True
Q704605,Phan Liêm,bornIn,Q2502014,Biên Hòa,1833.0,10.95,106.87388888889,10.95,106.87388888889,True,True
Q704226,Trịnh Kiểm,bornIn,Q36175,Thanh Hóa,1503.0,19.8075,105.77638888889,19.8075,105.77638888889,True,True
Q1295622,Giuse Vũ Văn Thiên,bornIn,Q36729,Hải Dương,1960.0,20.916666666667,106.33333333333,20.916666666667,106.33333333333,True,True
Q1284591,Giuse Vũ Duy Thống,bornIn,Q36681,Thái Bình,1952.0,20.5,106.33333333333,20.5,106.33333333333,True,True
Q182405,Emmanuel Lê Phong Thuận,bornIn,Q1927073,Chợ Mới,1930.0,10.479166666667,105.49166666667,10.479166666667,105.49166666667,True,True
Q178658,Lưu Huỳnh,bornIn,Q1854,Thành phố Hồ Chí Minh,2000.0,10.775555555556,106.70194444444,10.775555555556,106.70194444444,True,True
Q3089707,Frédéric Chau,bornIn,Q1854,Thành phố Hồ Chí Minh,1977.0,10.775555555556,106.70194444444,10.775555555556,106.70194444444,True,True
Q1063923,Bùi Thị Xuân,bornIn,Q1320837,Tây Sơn,1752.0,13.907494,108.922566,13.907494,108.922566,True,True
Q665382,Trần Trọng Kim,bornIn,Q7022325,Nghi Xuân,1883.0,18.625,105.76666666667,18.625,105.76666666667,True,True
Q3339372,Ngô Viết Thụ,bornIn,Q36399,Huế,1927.0,16.463888888889,107.58666666667,16.463888888889,107.58666666667,True,True
Q1155848,Mộng Tuyết,bornIn,Q800154,Hà Tiên,1914.0,10.383055555556,104.4875,10.383055555556,104.4875,True,True
Q1155848,Mộng Tuyết,bornIn,Q800154,Hà Tiên,1914.0,10.383333,104.483333,10.383333,104.483333,True,True
Q700879,Mai Hắc Đế,bornIn,Q10789959,Mai Phụ,,18.423055555556,105.89,18.423055555556,105.89,True,True
Q1033966,Lê Duy Phường,bornIn,Q1858,Hà Nội,1709.0,21.0245,105.84117,21.0245,105.84117,True,True
Q179910,Võ Nguyên Giáp,bornIn,Q3348089,Lộc Thủy,1911.0,17.2375,106.75361111111,17.2375,106.75361111111,True,True
Q35134,Thanh Hải Vô Thượng Sư,bornIn,Q33304,Quảng Ngãi,1950.0,15.0,108.66666666667,15.0,108.66666666667,True,True
Q3370463,Đỗ Thị Ngân Thương,bornIn,Q1858,Hà Nội,1989.0,21.0245,105.84117,21.0245,105.84117,True,True
Q1159527,Đặng Thái Sơn,bornIn,Q1858,Hà Nội,1958.0,21.0245,105.84117,21.0245,105.84117,True,True
Q3138876,Nguyễn Hoàng Ngân,bornIn,Q1858,Hà Nội,1984.0,21.0245,105.84117,21.0245,105.84117,True,True
Q10793709,Midu,bornIn,Q1854,Thành phố Hồ Chí Minh,1989.0,10.775555555556,106.70194444444,10.775555555556,106.70194444444,True,True
Q700879,Mai Hắc Đế,bornIn,Q10789959,Mai Phụ,,18.42305556,105.8961111,18.42305556,105.8961111,True,True
Q1073424,Huy Cận,bornIn,Q1749724,Vũ Quang,1919.0,18.3375,105.45,18.3375,105.45,True,True
Q1033947,Lê Chân Tông,bornIn,Q1858,Hà Nội,1630.0,21.0245,105.84117,21.0245,105.84117,True,True
Q562168,Trịnh Hữu Châu,bornIn,Q1854,Thành phố Hồ Chí Minh,1950.0,10.775555555556,106.70194444444,10.775555555556,106.70194444444,True,True
Q542508,Trịnh Thị Minh Hà,bornIn,Q1858,Hà Nội,1952.0,21.0245,105.84117,21.0245,105.84117,True,True
Q1134494,Dương Tam Kha,bornIn,Q881,Việt Nam,901.0,16.0,108.0,16.0,108.0,True,True
Q58170,Phạm Gia Khiêm,bornIn,Q1858,Hà Nội,1944.0,21.0245,105.84117,21.0245,105.84117,True,True
Q3141673,Hoàng Tụy,bornIn,Q671678,Điện Quang,1927.0,15.836944444444,108.18222222222,15.836944444444,108.18222222222,True,True
Q707287,Phan Khắc Sửu,bornIn,Q7333405,Vĩnh Long,1905.0,10.166666666667,106.0,10.166666666667,106.0,True,True
Q3206845,Trần Văn Trà,bornIn,Q33304,Quảng Ngãi,1918.0,15.0,108.66666666667,15.0,108.66666666667,True,True
Q3138870,Hoàng Minh Thảo,bornIn,Q36235,Hưng Yên,1921.0,20.816666666667,106.05,20.816666666667,106.05,True,True
Q57407,Trương Tấn Sang,bornIn,Q5311201,Đức Hòa,1949.0,10.879166666667,106.425,10.879166666667,106.425,True,True
Q1049682,Nguyễn Phúc Thuần,bornIn,Q1827039,Đàng Trong,1754.0,,,,,True,True
Q10793959,Minh Thuận,bornIn,Q1854,Thành phố Hồ Chí Minh,1969.0,10.775555555556,106.70194444444,10.775555555556,106.70194444444,True,True
Q699904,Ngô Quyền,bornIn,Q1858,Hà Nội,897.0,21.0245,105.84117,21.0245,105.84117,True,True
Q3274810,Lê Hiến Tông,bornIn,Q1858,Hà Nội,1461.0,21.0245,105.84117,21.0245,105.84117,True,True
Q553831,Huỳnh Phúc Hiệp,bornIn,Q5626082,Gò Công,1988.0,10.366666666667,106.66666666667,10.366666666667,106.66666666667,True,True
Q540994,Thiệu Trị,bornIn,Q36167,Huế,1807.0,16.456111111111,107.57638888889,16.456111111111,107.57638888889,True,True
Q647889,Cường Để,bornIn,Q36167,Huế,1882.0,16.456111111111,107.57638888889,16.456111111111,107.57638888889,True,True
Q557546,Trần Anh Hùng,bornIn,Q25282,Đà Nẵng,1962.0,16.069444444444,108.20972222222,16.069444444444,108.20972222222,True,True
Q1315921,Hàn Mặc Tử,bornIn,Q1877,Đồng Hới,1912.0,17.483333333333,106.6,17.483333333333,106.6,True,True
Q63594,Bùi Thanh Liêm,bornIn,Q1858,Hà Nội,1949.0,21.0245,105.84117,21.0245,105.84117,True,True
Q1155639,Vũ Ngọc Phan,bornIn,Q1858,Hà Nội,1902.0,21.0245,105.84117,21.0245,105.84117,True,True
Q585842,Antôn Nguyễn Văn Thiện,bornIn,Q216075,Cần Thơ,1906.0,10.1547298,105.5005357,10.1547298,105.5005357,True,True
Q197683,Trần Quang Diệu,bornIn,Q25282,Đà Nẵng,1760.0,16.069444444444,108.20972222222,16.069444444444,108.20972222222,True,True
Q81289,Nguyễn Chí Thiện,bornIn,Q1858,Hà Nội,1939.0,21.0245,105.84117,21.0245,105.84117,True,True
Q10794232,Miu Lê,bornIn,Q1854,Thành phố Hồ Chí Minh,1991.0,10.775555555556,106.70194444444,10.775555555556,106.70194444444,True,True
Q139324,Trần Đức Lương,bornIn,Q33304,Quảng Ngãi,1937.0,15.0,108.66666666667,15.0,108.66666666667,True,True
Q614544,Nguyễn Phúc Bảo Thăng,bornIn,Q25281,Đà Lạt,1943.0,11.94,108.4375,11.94,108.4375,True,True
Q1144138,Cường Vũ,bornIn,Q1854,Thành phố Hồ Chí Minh,1969.0,10.775555555556,106.70194444444,10.775555555556,106.70194444444,True,True
Q1156062,Hoàng Kế Viêm,bornIn,Q596473,Quảng Ninh,1820.0,17.233,106.55,17.233,106.55,True,True
Q1155303,Huyền Trân,bornIn,Q10825974,Thăng Long,1289.0,,,,,True,True
Q1013830,Kiều Công Tiễn,bornIn,Q7187240,Phong Châu,850.0,21.2817,105.442,21.2817,105.442,True,True
Q700516,Văn Tiến Dũng,bornIn,Q1858,Hà Nội,1917.0,21.0245,105.84117,21.0245,105.84117,True,True
Q10797176,Nam Trân,bornIn,Q2121534,Đại Lộc,1907.0,15.891388888889,108.11805555556,15.891388888889,108.11805555556,True,True
Q10788893,Lữ Ngọc Cư,bornIn,Q33304,Quảng Ngãi,1955.0,15.0,108.66666666667,15.0,108.66666666667,True,True
Q10789918,Nguyễn Phúc Trinh Thận,bornIn,Q36167,Huế,1826.0,16.456111111111,107.57638888889,16.456111111111,107.57638888889,True,True
Q10789970,Mai Thu Huyền,bornIn,Q1858,Hà Nội,1979.0,21.0245,105.84117,21.0245,105.84117,True,True
Q10789957,Mai Năng,bornIn,Q10800478,Ngũ Phúc,1930.0,20.729444444444,106.61472222222,20.729444444444,106.61472222222,True,True
Q10797036,Nam Cường,bornIn,Q25282,Đà Nẵng,1985.0,16.069444444444,108.20972222222,16.069444444444,108.20972222222,True,True
Q10796715,Mỹ Duyên,bornIn,Q1854,Thành phố Hồ Chí Minh,1972.0,10.775555555556,106.70194444444,10.775555555556,106.70194444444,True,True
Q10789969,Mai Thiên Vân,bornIn,Q3710726,Bình Đại,1982.0,10.193611111111,106.64444444444,10.193611111111,106.64444444444,True,True
Q10798943,Nguyên Vũ,bornIn,Q1854,Thành phố Hồ Chí Minh,1975.0,10.775555555556,106.70194444444,10.775555555556,106.70194444444,True,True
Q10788835,Lộng Chương,bornIn,Q36729,Hải Dương,1918.0,20.916666666667,106.33333333333,20.916666666667,106.33333333333,True,True
Q10796584,Mẹ Suốt,bornIn,Q1877,Đồng Hới,1908.0,17.483333333333,106.6,17.483333333333,106.6,True,True
Q10789957,Mai Năng,bornIn,Q10800478,Ngũ Phúc,1930.0,20.72583333,106.6155556,20.72583333,106.6155556,True,True
Q10793925,Minh Nhí,bornIn,Q2987563,Sa Đéc,1966.0,10.31052,105.73968,10.31052,105.73968,True,True
Q10788680,Lệ Thủy,bornIn,Q7333405,Vĩnh Long,1948.0,10.166666666667,106.0,10.166666666667,106.0,True,True
Q10789927,Mai Chửng,bornIn,Q36693,Bình Định,1940.0,14.166666666667,109.0,14.166666666667,109.0,True,True
Q10796270,Mùa A Sơn,bornIn,Q7666202,Sín Chải,1964.0,22.09888889,103.3372222,22.09888889,103.3372222,True,True
Q10796270,Mùa A Sơn,bornIn,Q7666202,Sín Chải,1964.0,22.094444444444,103.345,22.094444444444,103.345,True,True
Q10798934,Nguyên Hồng,bornIn,Q33682,Nam Định,1918.0,20.42,106.16833333333,20.42,106.16833333333,True,True
Q10798691,Nghiêm Xuân Yêm,bornIn,Q864791,Từ Liêm,1913.0,21.0394,105.768,21.0394,105.768,True,True
Q10798937,Nguyên Ngọc,bornIn,Q2589801,Bình Triều,1932.0,15.737222222222,108.4075,15.737222222222,108.4075,True,True
Q10796783,Mỹ Lệ,bornIn,Q23533,Quảng Bình,1972.0,17.5,106.33333333333,17.5,106.33333333333,True,True
Q10789983,Mai Văn Bộ,bornIn,Q7796900,Thốt Nốt,1918.0,10.269722222222,105.52361111111,10.269722222222,105.52361111111,True,True
Q3024343,Trần Thị Lý,bornIn,Q671678,Điện Quang,1933.0,15.836944444444,108.18222222222,15.836944444444,108.18222222222,True,True
Q1323584,Lưu Thị Diễm Hương,bornIn,Q1854,Thành phố Hồ Chí Minh,1990.0,10.775555555556,106.70194444444,10.775555555556,106.70194444444,True,True
Q711635,Trần Nghệ Tông,bornIn,Q1858,Hà Nội,1321.0,21.0245,105.84117,21.0245,105.84117,True,True
Q1464707,Lê Lương Minh,bornIn,Q36512,Thanh Hóa,1952.0,20.0,105.5,20.0,105.5,True,True
Q3375353,Bùi Tín,bornIn,Q10786490,Liên Bạt,1927.0,20.749722222222,105.77555555556,20.749722222222,105.77555555556,True,True
Q1111868,Nguyễn Tuân,bornIn,Q10800942,Nhân Chính,1910.0,21.003888888889,105.80305555556,21.003888888889,105.80305555556,True,True
Q3164474,Jean-Baptiste Urrutia Thi,bornIn,Q839431,Aldudes,1901.0,43.096111111111,-1.4258333333333,43.096111111111,-1.4258333333333,False,False
Q967516,Hoàng Cầm,bornIn,Q36736,Bắc Giang,1922.0,21.273055555556,106.19472222222,21.273055555556,106.19472222222,True,True
Q1381649,Men Nguyễn,bornIn,Q25315,Phan Thiết,1954.0,10.9375,108.15833333333,10.9375,108.15833333333,True,True
Q7022883,Nguyễn Minh Thuyết,bornIn,Q1858,Hà Nội,1948.0,21.0245,105.84117,21.0245,105.84117,True,True
Q1678059,Giacôbê Nguyễn Văn Mầu,bornIn,Q2202401,Bà Rịa,1914.0,10.4990423,107.167469,10.4990423,107.167469,True,True
Q1089003,Chu Hoàng Diệu Linh,bornIn,Q1858,Hà Nội,1994.0,21.0245,105.84117,21.0245,105.84117,True,True
Q705534,Phan Huy Quát,bornIn,Q10826143,Thạch Châu,1911.0,18.437222222222,105.88722222222,18.437222222222,105.88722222222,True,True
Q10788675,Lệ Thi,bornIn,Q33304,Quảng Ngãi,1925.0,15.0,108.66666666667,15.0,108.66666666667,True,True
Q711858,Trần Duệ Tông,bornIn,Q1858,Hà Nội,1337.0,21.0245,105.84117,21.0245,105.84117,True,True
Q1653599,Vũ Thị Trang,bornIn,Q36367,Bắc Giang,1992.0,21.333333333333,106.43333333333,21.333333333333,106.43333333333,True,True
Q1450861,Phanxicô Xaviê Lê Văn Hồng,bornIn,Q1320413,Quảng Trị,1940.0,16.751162,107.185691,16.751162,107.185691,True,True
Q1387073,Nguyễn Văn Lém,bornIn,Q105076326,Sài Gòn,1933.0,10.802222222222,106.69694444444,10.802222222222,106.69694444444,True,True
Q1156424,Hằng Phương,bornIn,Q725063,Điện Bàn,1908.0,15.888472222222,108.25456666667,15.888472222222,108.25456666667,True,True
Q271847,Thích Quảng Đức,bornIn,Q10834109,Vạn Khánh,1897.0,12.768333333333,109.25444444444,12.768333333333,109.25444444444,True,True
Q1111882,Lê Văn Hưu,bornIn,Q5295770,Đông Sơn,1230.0,19.79742,105.72465,19.79742,105.72465,True,True
Q353687,Phạm Tuân,bornIn,Q10810909,Quốc Tuấn,1947.0,20.47527778,106.4333333,20.47527778,106.4333333,True,True
Q10788093,Lý Lan,bornIn,Q524553,Thủ Dầu Một,1957.0,11.004166666667,106.65833333333,11.004166666667,106.65833333333,True,True
Q10788228,Lư Nhất Vũ,bornIn,Q36866,Bình Dương,1936.0,11.166666666667,106.66666666667,11.166666666667,106.66666666667,True,True
Q1320534,Phạm Văn Trà,bornIn,Q1924544,Quế Võ,1935.0,21.146111111111,106.17305555556,21.146111111111,106.17305555556,True,True
Q10788404,Lương Văn Can,bornIn,Q1858,Hà Nội,1854.0,21.0245,105.84117,21.0245,105.84117,True,True
Q964924,Thích Quảng Độ,bornIn,Q36681,Thái Bình,1928.0,20.5,106.33333333333,20.5,106.33333333333,True,True
Q3248362,Lê Quang Đỉnh,bornIn,Q800154,Hà Tiên,1968.0,10.38333333,104.48333333,10.38333333,104.48333333,True,True
Q1354916,Nguyễn Tường Tam,bornIn,Q3031197,Cẩm Giàng,1906.0,20.95,106.22083333333,20.95,106.22083333333,True,True
Q353687,Phạm Tuân,bornIn,Q10810909,Quốc Tuấn,1947.0,20.475277777778,106.43416666667,20.475277777778,106.43416666667,True,True
Q233383,Phan Thị Kim Phúc,bornIn,Q286486,Trảng Bàng,1963.0,11.033,106.367,11.033,106.367,True,True
Q3375353,Bùi Tín,bornIn,Q10786490,Liên Bạt,1927.0,20.74972222,105.7722222,20.74972222,105.7722222,True,True
Q705682,Hoàng Văn Hoan,bornIn,Q7273055,Quỳnh Lưu,1905.0,19.167,105.667,19.167,105.667,True,True
Q269992,Dương Thu Hương,bornIn,Q36497,Thái Bình,1947.0,20.446111111111,106.34222222222,20.446111111111,106.34222222222,True,True
Q1156162,Anh Thơ,bornIn,Q3031628,Ninh Giang,1921.0,20.75007,106.33329,20.75007,106.33329,True,True
Q3378039,Phan Huy Lê,bornIn,Q10826143,Thạch Châu,1934.0,18.43888889,105.8930556,18.43888889,105.8930556,True,True
Q3015824,Dao Droste,bornIn,Q1854,Thành phố Hồ Chí Minh,1952.0,10.775555555556,106.70194444444,10.775555555556,106.70194444444,True,True
Q10788252,Lưu Hương Giang,bornIn,Q36907,Nam Định,1983.0,20.25,106.25,20.25,106.25,True,True
Q3033236,Đỗ Thị Hải Yến,bornIn,Q33381,Bắc Ninh,1982.0,21.18608,106.07631,21.18608,106.07631,True,True
Q277943,Trần Đức Dương,bornIn,Q881,Việt Nam,1983.0,16.0,108.0,16.0,108.0,True,True
Q7022885,Nguyễn Ngọc Duy,bornIn,Q1858,Hà Nội,1986.0,21.0245,105.84117,21.0245,105.84117,True,True
Q313322,Nguyễn Du,bornIn,Q33351,Hà Tĩnh,1766.0,18.333333333333,105.9,18.333333333333,105.9,True,True
Q3302807,Thạch Kim Tuấn,bornIn,Q5643878,Hàm Tân,1994.0,10.770833333333,107.64166666667,10.770833333333,107.64166666667,True,True
Q362337,Nick Út,bornIn,Q10742529,Bình Quới,1951.0,10.508976,106.465387,10.508976,106.465387,True,True
Q1188670,Fabio dos Santos,bornIn,Q8678,Rio de Janeiro,1977.0,-22.911111111111,-43.205555555556,-22.911111111111,-43.205555555556,False,False
Q3248362,Lê Quang Đỉnh,bornIn,Q800154,Hà Tiên,1968.0,10.383055555556,104.4875,10.383055555556,104.4875,True,True
Q216350,Ngô Bảo Châu,bornIn,Q1858,Hà Nội,1972.0,21.0245,105.84117,21.0245,105.84117,True,True
Q774982,Đoàn Viết Hoạt,bornIn,Q1077294,Hà Tây,1942.0,20.833333333333,105.66666666667,20.833333333333,105.66666666667,True,True
Q271847,Thích Quảng Đức,bornIn,Q10834109,Vạn Khánh,1897.0,12.76666667,109.3,12.76666667,109.3,True,True
Q93155,Hàn Thế Thành,bornIn,Q881,Việt Nam,1972.0,16.0,108.0,16.0,108.0,True,True
Q1371547,Stêphanô Nguyễn Như Thể,bornIn,Q36579,Quảng Trị,1935.0,16.75,107.0,16.75,107.0,True,True
Q704833,Cẩm Ly,bornIn,Q1854,Thành phố Hồ Chí Minh,1970.0,10.775555555556,106.70194444444,10.775555555556,106.70194444444,True,True
Q711456,Trần Thánh Tông,bornIn,Q1858,Hà Nội,1240.0,21.0245,105.84117,21.0245,105.84117,True,True
Q369596,Nông Đức Mạnh,bornIn,Q36404,Bắc Kạn,1940.0,22.25,105.83333333333,22.25,105.83333333333,True,True
Q3017975,Lê Thị Hoàng Ngọc,bornIn,Q36235,Hưng Yên,1982.0,20.816666666667,106.05,20.816666666667,106.05,True,True
Q3248362,Lê Quang Đỉnh,bornIn,Q800154,Hà Tiên,1968.0,10.383333,104.483333,10.383333,104.483333,True,True
Q967468,Văn Cao,bornIn,Q72818,Hải Phòng,1923.0,20.8,106.66666666667,20.8,106.66666666667,True,True
Q854994,Mạc Thái Tông,bornIn,Q72818,Hải Phòng,1500.0,20.8,106.66666666667,20.8,106.66666666667,True,True
Q1354244,Nguyễn Lộc,bornIn,Q1858,Hà Nội,1912.0,21.0245,105.84117,21.0245,105.84117,True,True
Q365944,Nguyễn Văn Tâm,bornIn,Q36608,Tây Ninh,1893.0,11.333333333333,106.16666666667,11.333333333333,106.16666666667,True,True
Q1159515,Đặng Ngọc Long,bornIn,Q881,Việt Nam,1957.0,16.0,108.0,16.0,108.0,True,True
Q1329827,Dương Trương Thiên Lý,bornIn,Q36676,Đồng Tháp,1989.0,10.455015,105.633957,10.455015,105.633957,True,True
Q1601892,Hồ Anh Thái,bornIn,Q1858,Hà Nội,1960.0,21.0245,105.84117,21.0245,105.84117,True,True
Q10788294,Lưu Văn Lang,bornIn,Q7395508,Sa Đéc,1880.0,10.2843923,105.7039677,10.2843923,105.7039677,True,True
Q1354825,Giuse Maria Trịnh Như Khuê,bornIn,Q881,Việt Nam,1898.0,16.0,108.0,16.0,108.0,True,True
Q259091,Thùy Trang,bornIn,Q1854,Thành phố Hồ Chí Minh,1973.0,10.775555555556,106.70194444444,10.775555555556,106.70194444444,True,True
Q3087770,Nguyễn Kim,bornIn,Q36175,Thanh Hóa,1476.0,19.8075,105.77638888889,19.8075,105.77638888889,True,True
Q3365133,Nguyễn Hữu An,bornIn,Q5557813,Gia Viễn,1926.0,20.333,105.883,20.333,105.883,True,True
Q1797921,Xuân Thủy,bornIn,Q1858,Hà Nội,1912.0,21.0245,105.84117,21.0245,105.84117,True,True
Q233969,Lê Đức Thọ,bornIn,Q36413,Hà Nam,1911.0,20.533333333333,105.96666666667,20.533333333333,105.96666666667,True,True
Q705869,Lý Anh Tông,bornIn,Q1858,Hà Nội,1136.0,21.0245,105.84117,21.0245,105.84117,True,True
Q711416,Trần Minh Tông,bornIn,Q1858,Hà Nội,1300.0,21.0245,105.84117,21.0245,105.84117,True,True
Q967516,Hoàng Cầm,bornIn,Q36736,Bắc Giang,1922.0,21.27356,106.192209,21.27356,106.192209,True,True
Q1827063,Phạm Văn Sơn,bornIn,Q546840,Hà Đông,1915.0,20.97148,105.776421,20.97148,105.776421,True,True
Q2971491,Hoàng Văn Phong,bornIn,Q1858,Hà Nội,1948.0,21.0245,105.84117,21.0245,105.84117,True,True
Q959607,Nguyễn Phúc Bảo Long,bornIn,Q36167,Huế,1936.0,16.456111111111,107.57638888889,16.456111111111,107.57638888889,True,True
Q705534,Phan Huy Quát,bornIn,Q10826143,Thạch Châu,1911.0,18.43888889,105.8930556,18.43888889,105.8930556,True,True
Q711441,Trần Anh Tông,bornIn,Q1858,Hà Nội,1276.0,21.0245,105.84117,21.0245,105.84117,True,True
Q3353072,Ngô Quang Trưởng,bornIn,Q505503,Miền Nam,1929.0,,,,,True,True
Q1349749,Phạm Hùng,bornIn,Q7333405,Vĩnh Long,1912.0,10.166666666667,106.0,10.166666666667,106.0,True,True
Q10788673,Lệ Quyên,bornIn,Q1858,Hà Nội,1981.0,21.0245,105.84117,21.0245,105.84117,True,True
Q1387184,Phan Thanh Bình,bornIn,Q6473680,Lai Vung,1986.0,10.217,105.667,10.217,105.667,True,True
Q1086832,Cù Huy Hà Vũ,bornIn,Q10838746,Ân Phú,1957.0,,,,,True,True
Q1451220,Phanxicô Xaviê Nguyễn Quang Sách,bornIn,Q25282,Đà Nẵng,1925.0,16.069444444444,108.20972222222,16.069444444444,108.20972222222,True,True
Q838128,Năm Cam,bornIn,Q1854,Thành phố Hồ Chí Minh,1948.0,10.775555555556,106.70194444444,10.775555555556,106.70194444444,True,True
Q1460430,Phaolô Nguyễn Thanh Hoan,bornIn,Q36587,Nghệ An,1939.0,19.333333333333,104.83333333333,19.333333333333,104.83333333333,True,True
Q1669434,Giuse Nguyễn Chí Linh,bornIn,Q10771691,Hải Thanh,1949.0,19.431666666667,105.80638888889,19.431666666667,105.80638888889,True,True
Q3378039,Phan Huy Lê,bornIn,Q10826143,Thạch Châu,1934.0,18.437222222222,105.88722222222,18.437222222222,105.88722222222,True,True
Q2986223,Lê Thái Tông,bornIn,Q1858,Hà Nội,1423.0,21.0245,105.84117,21.0245,105.84117,True,True
Q271847,Thích Quảng Đức,bornIn,Q10834109,Vạn Khánh,1897.0,12.7775,109.2597222,12.7775,109.2597222,True,True
Q250947,Trương Định,bornIn,Q4914341,Bình Sơn,1820.0,15.333,108.667,15.333,108.667,True,True
Q10788342,Lương Kim Định,bornIn,Q33682,Nam Định,1914.0,20.42,106.16833333333,20.42,106.16833333333,True,True
Q1812156,Nguyễn Chí Thanh,bornIn,Q36399,Huế,1913.0,16.463888888889,107.58666666667,16.463888888889,107.58666666667,True,True
Q1355838,Lê Sáng,bornIn,Q1858,Hà Nội,1920.0,21.0245,105.84117,21.0245,105.84117,True,True
Q971069,Lôrensô Chu Văn Minh,bornIn,Q33682,Nam Định,1943.0,20.42,106.16833333333,20.42,106.16833333333,True,True
Q711408,Lý Cao Tông,bornIn,Q1858,Hà Nội,1173.0,21.0245,105.84117,21.0245,105.84117,True,True
Q1669434,Giuse Nguyễn Chí Linh,bornIn,Q10771691,Hải Thanh,1949.0,19.42,105.7891667,19.42,105.7891667,True,True
Q358051,Phạm Văn Đồng,bornIn,Q33304,Quảng Ngãi,1906.0,15.0,108.66666666667,15.0,108.66666666667,True,True
Q284978,Hoàng Thanh Trang,bornIn,Q1858,Hà Nội,1980.0,21.0245,105.84117,21.0245,105.84117,True,True
Q3248362,Lê Quang Đỉnh,diedIn,Q1854,Thành phố Hồ Chí Minh,2024.0,10.775555555556,106.70194444444,10.775555555556,106.70194444444,True,True
Q716497,Trần Hiến Tông,diedIn,Q206219,Hoàng thành Thăng Long,1341.0,21.0325,105.83972,21.0325,105.83972,True,True
Q1033943,Lê Ý Tông,diedIn,Q1858,Hà Nội,1759.0,21.0245,105.84117,21.0245,105.84117,True,True
Q10797176,Nam Trân,diedIn,Q1858,Hà Nội,1967.0,21.0245,105.84117,21.0245,105.84117,True,True
Q10798992,Nguyễn Cao Đàm,diedIn,Q408,Úc,2001.0,-25.0,133.0,-25.0,133.0,False,False
Q10840158,Đinh Xuân Lâm,diedIn,Q1858,Hà Nội,2017.0,21.0245,105.84117,21.0245,105.84117,True,True
Q1156424,Hằng Phương,diedIn,Q1858,Hà Nội,1983.0,21.0245,105.84117,21.0245,105.84117,True,True
Q614544,Nguyễn Phúc Bảo Thăng,diedIn,Q200126,Quận 18,2017.0,48.89215,2.3444472222222,48.89215,2.3444472222222,False,False
Q1073424,Huy Cận,diedIn,Q1858,Hà Nội,2005.0,21.0245,105.84117,21.0245,105.84117,True,True
Q10788342,Lương Kim Định,diedIn,Q1581,Missouri,1997.0,38.5,-92.5,38.5,-92.5,False,False
Q3132804,Phạm Xuân Ẩn,diedIn,Q1854,Thành phố Hồ Chí Minh,2006.0,10.775555555556,106.70194444444,10.775555555556,106.70194444444,True,True
Q1354244,Nguyễn Lộc,diedIn,Q1854,Thành phố Hồ Chí Minh,1960.0,10.775555555556,106.70194444444,10.775555555556,106.70194444444,True,True
Q1317986,Lê Trung Tông,diedIn,Q2421186,Cố đô Hoa Lư,1005.0,20.25527778,105.95416667,20.25527778,105.95416667,True,True
Q980927,Trần Quang Hải,diedIn,Q549536,Limeil-Brévannes,2021.0,48.746388888889,2.4883333333333,48.746388888889,2.4883333333333,False,False
Q3541430,Trần Văn Khê,diedIn,Q1854,Thành phố Hồ Chí Minh,2015.0,10.775555555556,106.70194444444,10.775555555556,106.70194444444,True,True
Q1611010,Vũ Trọng Phụng,diedIn,Q1858,Hà Nội,1939.0,21.0245,105.84117,21.0245,105.84117,True,True
Q1923748,Võ Quý,diedIn,Q1858,Hà Nội,2017.0,21.0245,105.84117,21.0245,105.84117,True,True
Q1111868,Nguyễn Tuân,diedIn,Q1858,Hà Nội,1987.0,21.0245,105.84117,21.0245,105.84117,True,True
Q10833922,Vũ Tuyên Hoàng,diedIn,Q1858,Hà Nội,2008.0,21.0245,105.84117,21.0245,105.84117,True,True
Q705682,Hoàng Văn Hoan,diedIn,Q956,Bắc Kinh,1991.0,39.90403,116.407526,39.90403,116.407526,False,False
Q1036300,Xuân Diệu,diedIn,Q1858,Hà Nội,1985.0,21.0245,105.84117,21.0245,105.84117,True,True
Q3525668,Lê Minh Đảo,diedIn,Q779,Connecticut,2020.0,41.6,-72.7,41.6,-72.7,False,False
Q714138,Phaolô Giuse Phạm Đình Tụng,diedIn,Q1858,Hà Nội,2009.0,21.0245,105.84117,21.0245,105.84117,True,True
Q1033931,Lê Thần Tông,diedIn,Q1858,Hà Nội,1662.0,21.0245,105.84117,21.0245,105.84117,True,True
Q983839,Nguyễn Hữu Thọ,diedIn,Q1854,Thành phố Hồ Chí Minh,1996.0,10.775555555556,106.70194444444,10.775555555556,106.70194444444,True,True
Q711416,Trần Minh Tông,diedIn,Q206219,Hoàng thành Thăng Long,1357.0,21.0325,105.83972,21.0325,105.83972,True,True
Q3164474,Jean-Baptiste Urrutia Thi,diedIn,Q172593,Montauban,1979.0,44.017222222222,1.355,44.017222222222,1.355,False,False
Q1306742,Hoàng Minh Chính,diedIn,Q1858,Hà Nội,2008.0,21.0245,105.84117,21.0245,105.84117,True,True
Q711441,Trần Anh Tông,diedIn,Q206219,Hoàng thành Thăng Long,1320.0,21.0325,105.83972,21.0325,105.83972,True,True
Q705577,Lý Nhân Tông,diedIn,Q881,Việt Nam,1127.0,16.0,108.0,16.0,108.0,True,True
Q10798691,Nghiêm Xuân Yêm,diedIn,Q1858,Hà Nội,2001.0,21.0245,105.84117,21.0245,105.84117,True,True
Q1605885,Henri Huet,diedIn,Q819,Lào,1971.0,18.2,104.1,18.2,104.1,True,True
Q971069,Lôrensô Chu Văn Minh,diedIn,Q1858,Hà Nội,2025.0,21.0245,105.84117,21.0245,105.84117,True,True
Q1812156,Nguyễn Chí Thanh,diedIn,Q1858,Hà Nội,1967.0,21.0245,105.84117,21.0245,105.84117,True,True
Q545539,Trường Chinh,diedIn,Q1858,Hà Nội,1988.0,21.0245,105.84117,21.0245,105.84117,True,True
Q585842,Antôn Nguyễn Văn Thiện,diedIn,Q220673,Mougins,2012.0,43.6,6.9947222222222,43.6,6.9947222222222,False,False
Q94204,Trần Lập,diedIn,Q1858,Hà Nội,2016.0,21.0245,105.84117,21.0245,105.84117,True,True
Q699904,Ngô Quyền,diedIn,Q798059,Cổ Loa,944.0,21.113408,105.873206,21.113408,105.873206,True,True
Q1155829,Vân Đài,diedIn,Q1858,Hà Nội,1964.0,21.0245,105.84117,21.0245,105.84117,True,True
Q485476,Phùng Quang Thanh,diedIn,Q1858,Hà Nội,2021.0,21.0245,105.84117,21.0245,105.84117,True,True
Q3206845,Trần Văn Trà,diedIn,Q1854,Thành phố Hồ Chí Minh,1996.0,10.775555555556,106.70194444444,10.775555555556,106.70194444444,True,True
Q310913,Thích Nhất Hạnh,diedIn,Q10748576,Chùa Từ Hiếu,2022.0,16.438551,107.572989,16.438551,107.572989,True,True
Q704451,Trịnh Tùng,diedIn,Q5370325,Thanh Oai,1623.0,20.858333333333,105.78333333333,20.858333333333,105.78333333333,True,True
Q700897,Hoàng Văn Thái,diedIn,Q1858,Hà Nội,1986.0,21.0245,105.84117,21.0245,105.84117,True,True
Q724317,Tôn Đức Thắng,diedIn,Q1858,Hà Nội,1980.0,21.0245,105.84117,21.0245,105.84117,True,True
Q1033935,Lê Thuần Tông,diedIn,Q1858,Hà Nội,1735.0,21.0245,105.84117,21.0245,105.84117,True,True
Q4517182,Lê Hy Tông,diedIn,Q1858,Hà Nội,1716.0,21.0245,105.84117,21.0245,105.84117,True,True
Q10838148,Yên Thao,diedIn,Q1858,Hà Nội,2024.0,21.0245,105.84117,21.0245,105.84117,True,True
Q3353072,Ngô Quang Trưởng,diedIn,Q408744,Falls Church,2007.0,38.882222222222,-77.171111111111,38.882222222222,-77.171111111111,False,False
Q1111882,Lê Văn Hưu,diedIn,Q1858,Hà Nội,1322.0,21.0245,105.84117,21.0245,105.84117,True,True
Q713228,Lý Huệ Tông,diedIn,Q206219,Hoàng thành Thăng Long,1226.0,21.0325,105.83972,21.0325,105.83972,True,True
Q4315334,Nguyễn Văn Tạo,diedIn,Q1858,Hà Nội,1970.0,21.0245,105.84117,21.0245,105.84117,True,True
Q496924,Anrê Dũng Lạc,diedIn,Q1858,Hà Nội,1839.0,21.0245,105.84117,21.0245,105.84117,True,True
Q711635,Trần Nghệ Tông,diedIn,Q206219,Hoàng thành Thăng Long,1395.0,21.0325,105.83972,21.0325,105.83972,True,True
Q271847,Thích Quảng Đức,diedIn,Q105076255,Sài Gòn,1963.0,10.8,106.65,10.8,106.65,True,True
Q2994497,Nguyễn Văn Trỗi,diedIn,Q1854,Thành phố Hồ Chí Minh,1964.0,10.775555555556,106.70194444444,10.775555555556,106.70194444444,True,True
Q3141673,Hoàng Tụy,diedIn,Q1858,Hà Nội,2019.0,21.0245,105.84117,21.0245,105.84117,True,True
Q1156162,Anh Thơ,diedIn,Q1858,Hà Nội,2005.0,21.0245,105.84117,21.0245,105.84117,True,True
Q967468,Văn Cao,diedIn,Q1858,Hà Nội,1995.0,21.0245,105.84117,21.0245,105.84117,True,True
Q2741205,Nguyễn Văn Hinh,diedIn,Q193929,Suresnes,2004.0,48.871111111111,2.2269444444444,48.871111111111,2.2269444444444,False,False
Q233969,Lê Đức Thọ,diedIn,Q1858,Hà Nội,1990.0,21.0245,105.84117,21.0245,105.84117,True,True
Q4311116,Trần Văn Giáp,diedIn,Q1858,Hà Nội,1973.0,21.0245,105.84117,21.0245,105.84117,True,True
Q1984347,Nguyễn Huy Thiệp,diedIn,Q1858,Hà Nội,2021.0,21.0245,105.84117,21.0245,105.84117,True,True
Q182405,Emmanuel Lê Phong Thuận,diedIn,Q216075,Cần Thơ,2010.0,10.1547298,105.5005357,10.1547298,105.5005357,True,True
Q739795,Nguyễn Văn Linh,diedIn,Q1858,Hà Nội,1998.0,21.0245,105.84117,21.0245,105.84117,True,True
Q983839,Nguyễn Hữu Thọ,diedIn,Q1858,Hà Nội,1996.0,21.0245,105.84117,21.0245,105.84117,True,True
Q711858,Trần Duệ Tông,diedIn,Q206219,Hoàng thành Thăng Long,1377.0,21.0325,105.83972,21.0325,105.83972,True,True
Q3844447,Nam Phương,diedIn,Q175717,Chabrignac,1963.0,45.316388888889,1.3405555555556,45.316388888889,1.3405555555556,False,False
Q1033947,Lê Chân Tông,diedIn,Q1858,Hà Nội,1649.0,21.0245,105.84117,21.0245,105.84117,True,True
Q2705303,Phan Châu Trinh,diedIn,Q1854,Thành phố Hồ Chí Minh,1926.0,10.775555555556,106.70194444444,10.775555555556,106.70194444444,True,True
Q1284591,Giuse Vũ Duy Thống,diedIn,Q1854,Thành phố Hồ Chí Minh,2017.0,10.775555555556,106.70194444444,10.775555555556,106.70194444444,True,True
Q647889,Cường Để,diedIn,Q1490,Tokyo,1951.0,35.689444444444,139.69166666667,35.689444444444,139.69166666667,False,False
Q1033985,Đặng Trần Côn,diedIn,Q878276,nhà Lê sơ,1745.0,21.016666666667,105.85,21.016666666667,105.85,True,True
Q10787925,Lê Văn Lương,diedIn,Q1858,Hà Nội,1995.0,21.0245,105.84117,21.0245,105.84117,True,True
Q967516,Hoàng Cầm,diedIn,Q1858,Hà Nội,2010.0,21.0245,105.84117,21.0245,105.84117,True,True
Q10787942,Lê Văn Thảo,diedIn,Q1854,Thành phố Hồ Chí Minh,2016.0,10.775555555556,106.70194444444,10.775555555556,106.70194444444,True,True
Q705695,Trần Tự Khánh,diedIn,Q1858,Hà Nội,1223.0,21.0245,105.84117,21.0245,105.84117,True,True
Q1146459,Marcel Nguyễn Tân Văn,diedIn,Q881,Việt Nam,1959.0,16.0,108.0,16.0,108.0,True,True
Q1073778,Phan Xích Long,diedIn,Q1854,Thành phố Hồ Chí Minh,1916.0,10.775555555556,106.70194444444,10.775555555556,106.70194444444,True,True
Q179910,Võ Nguyên Giáp,diedIn,Q1858,Hà Nội,2013.0,21.0245,105.84117,21.0245,105.84117,True,True
Q2686625,Lê Dung,diedIn,Q1858,Hà Nội,2001.0,21.0245,105.84117,21.0245,105.84117,True,True
Q715407,Lê Văn Duyệt,diedIn,Q1854,Thành phố Hồ Chí Minh,1832.0,10.775555555556,106.70194444444,10.775555555556,106.70194444444,True,True
Q704451,Trịnh Tùng,diedIn,Q5370325,Thanh Oai,1623.0,20.85808,105.7845,20.85808,105.7845,True,True
Q1349749,Phạm Hùng,diedIn,Q1854,Thành phố Hồ Chí Minh,1988.0,10.775555555556,106.70194444444,10.775555555556,106.70194444444,True,True
Q705869,Lý Anh Tông,diedIn,Q430309,Đại Việt,1175.0,21.0375,105.84,21.0375,105.84,True,True
Q10833926,Vũ Tuấn Đức (nhạc sư),diedIn,Q1858,Hà Nội,1982.0,21.0245,105.84117,21.0245,105.84117,True,True
Q705534,Phan Huy Quát,diedIn,Q1854,Thành phố Hồ Chí Minh,1979.0,10.775555555556,106.70194444444,10.775555555556,106.70194444444,True,True
Q4466841,Thái Thị Liên,diedIn,Q1858,Hà Nội,2023.0,21.0245,105.84117,21.0245,105.84117,True,True
Q716481,Dương Nhật Lễ,diedIn,Q1858,Hà Nội,1370.0,21.0245,105.84117,21.0245,105.84117,True,True
Q513108,Trịnh Công Sơn,diedIn,Q1854,Thành phố Hồ Chí Minh,2001.0,10.775555555556,106.70194444444,10.775555555556,106.70194444444,True,True
Q1155852,Học Phi,diedIn,Q1858,Hà Nội,2014.0,21.0245,105.84117,21.0245,105.84117,True,True
Q707287,Phan Khắc Sửu,diedIn,Q1854,Thành phố Hồ Chí Minh,1970.0,10.775555555556,106.70194444444,10.775555555556,106.70194444444,True,True
Q10788228,Lư Nhất Vũ,diedIn,Q1854,Thành phố Hồ Chí Minh,2025.0,10.775555555556,106.70194444444,10.775555555556,106.70194444444,True,True
Q3739509,Hoàng Thi Thơ,diedIn,Q485716,Glendale,2001.0,34.170833333333,-118.25,34.170833333333,-118.25,False,False
Q3334978,Nguyễn Văn Chinh,diedIn,Q1854,Thành phố Hồ Chí Minh,2016.0,10.775555555556,106.70194444444,10.775555555556,106.70194444444,True,True
Q139324,Trần Đức Lương,diedIn,Q1858,Hà Nội,2025.0,21.0245,105.84117,21.0245,105.84117,True,True
Q704605,Phan Liêm,diedIn,Q505503,Miền Nam,1896.0,,,,,True,True
Q700516,Văn Tiến Dũng,diedIn,Q1858,Hà Nội,2002.0,21.0245,105.84117,21.0245,105.84117,True,True
Q119704082,Lưu Văn Lợi,diedIn,Q1858,Hà Nội,2016.0,21.0245,105.84117,21.0245,105.84117,True,True
Q367210,Sơn Ngọc Thành,diedIn,Q1854,Thành phố Hồ Chí Minh,1977.0,10.775555555556,106.70194444444,10.775555555556,106.70194444444,True,True
Q665382,Trần Trọng Kim,diedIn,Q25281,Đà Lạt,1953.0,11.94,108.4375,11.94,108.4375,True,True
Q1354916,Nguyễn Tường Tam,diedIn,Q1854,Thành phố Hồ Chí Minh,1963.0,10.775555555556,106.70194444444,10.775555555556,106.70194444444,True,True
Q586004,Nguyễn Nhạc,diedIn,Q36081,Quy Nhơn,1793.0,13.769580555556,109.23137222222,13.769580555556,109.23137222222,True,True
Q1371547,Stêphanô Nguyễn Như Thể,diedIn,Q36167,Huế,2024.0,16.456111111111,107.57638888889,16.456111111111,107.57638888889,True,True
Q358051,Phạm Văn Đồng,diedIn,Q1858,Hà Nội,2000.0,21.0245,105.84117,21.0245,105.84117,True,True
Q10799008,Nguyễn Chí Vịnh,diedIn,Q1858,Hà Nội,2023.0,21.0245,105.84117,21.0245,105.84117,True,True
Q465598,Hiệp Hòa,diedIn,Q36167,Huế,1883.0,16.456111111111,107.57638888889,16.456111111111,107.57638888889,True,True
Q1387073,Nguyễn Văn Lém,diedIn,Q105076255,Sài Gòn,1968.0,10.8,106.65,10.8,106.65,True,True
Q3378039,Phan Huy Lê,diedIn,Q1858,Hà Nội,2018.0,21.0245,105.84117,21.0245,105.84117,True,True
Q1060315,Tôn Thất Thuyết,diedIn,Q59923,Long Châu,1913.0,22.345,106.85416666667,22.345,106.85416666667,True,True
Q1937110,Trần Thiện Khiêm,diedIn,Q16553,San Jose,2021.0,37.304166666667,-121.87277777778,37.304166666667,-121.87277777778,False,False
Q2059087,Phaolô Bùi Văn Đọc,diedIn,Q220,Roma,2018.0,41.893055555556,12.482777777778,41.893055555556,12.482777777778,False,False
Q3380798,Philippe Trần Văn Hoài,diedIn,Q220,Roma,2010.0,41.893055555556,12.482777777778,41.893055555556,12.482777777778,False,False
Q259091,Thùy Trang,diedIn,Q62,San Francisco,2001.0,37.775,-122.41944444444,37.775,-122.41944444444,False,False
Q318458,Nguyễn Phú Trọng,diedIn,Q1858,Hà Nội,2024.0,21.0245,105.84117,21.0245,105.84117,True,True
Q532238,Phanxicô Xaviê Nguyễn Văn Thuận,diedIn,Q220,Roma,2002.0,41.893055555556,12.482777777778,41.893055555556,12.482777777778,False,False
Q1156050,Trần Ích Tắc,diedIn,Q7313,nhà Nguyên,1329.0,39.915,116.39,39.915,116.39,False,False
Q1033974,Nguyễn Quang Toản,diedIn,Q36167,Huế,1802.0,16.456111111111,107.57638888889,16.456111111111,107.57638888889,True,True
Q10799024,Nguyễn Cơ Thạch,diedIn,Q1858,Hà Nội,1998.0,21.0245,105.84117,21.0245,105.84117,True,True
Q10829438,Trần Quang Huy (bộ trưởng),diedIn,Q881,Việt Nam,1995.0,16.0,108.0,16.0,108.0,True,True
Q1986594,Nicôla Huỳnh Văn Nghi,diedIn,Q25315,Phan Thiết,2015.0,10.9375,108.15833333333,10.9375,108.15833333333,True,True
Q250947,Trương Định,diedIn,Q19316,Biên Hòa,1864.0,10.950764,106.822136,10.950764,106.822136,True,True
Q210417,Gia Long,diedIn,Q36167,Huế,1820.0,16.456111111111,107.57638888889,16.456111111111,107.57638888889,True,True
Q3519562,Thanh Tòng,diedIn,Q1854,Thành phố Hồ Chí Minh,2016.0,10.775555555556,106.70194444444,10.775555555556,106.70194444444,True,True
Q1155848,Mộng Tuyết,diedIn,Q36093,Rạch Giá,2007.0,10.0125,105.08083333333,10.0125,105.08083333333,True,True
Q3739515,Văn Phụng,diedIn,Q252,Indonesia,1999.0,-2.0,118.0,-2.0,118.0,False,False
Q1960335,Nguyễn Văn Xuân,diedIn,Q33959,Nice,1989.0,43.701944444444,7.2683333333333,43.701944444444,7.2683333333333,False,False
Q10836766,Y Ngông Niê Kdăm,diedIn,Q1854,Thành phố Hồ Chí Minh,2001.0,10.775555555556,106.70194444444,10.775555555556,106.70194444444,True,True
Q1355838,Lê Sáng,diedIn,Q1854,Thành phố Hồ Chí Minh,2010.0,10.775555555556,106.70194444444,10.775555555556,106.70194444444,True,True
Q470095,Phan Thanh Giản,diedIn,Q505503,Miền Nam,1867.0,,,,,True,True
Q1354825,Giuse Maria Trịnh Như Khuê,diedIn,Q1858,Hà Nội,1978.0,21.0245,105.84117,21.0245,105.84117,True,True
Q3365133,Nguyễn Hữu An,diedIn,Q1858,Hà Nội,1995.0,21.0245,105.84117,21.0245,105.84117,True,True
Q1924279,Vũ Văn Mẫu,diedIn,Q90,Paris,1998.0,48.856666666667,2.3522222222222,48.856666666667,2.3522222222222,False,False
Q504362,Nguyễn Khánh,diedIn,Q16553,San Jose,2013.0,37.304166666667,-121.87277777778,37.304166666667,-121.87277777778,False,False
Q3571077,Xuân Quỳnh,diedIn,Q36729,Hải Dương,1988.0,20.916666666667,106.33333333333,20.916666666667,106.33333333333,True,True
Q465593,Kiến Phúc,diedIn,Q36167,Huế,1884.0,16.456111111111,107.57638888889,16.456111111111,107.57638888889,True,True
Q2058567,Phaolô Maria Cao Đình Thuyên,diedIn,Q33428,Vinh,2022.0,18.673333333333,105.69222222222,18.673333333333,105.69222222222,True,True
Q10840291,Đoàn Giỏi,diedIn,Q1854,Thành phố Hồ Chí Minh,1989.0,10.775555555556,106.70194444444,10.775555555556,106.70194444444,True,True
Q259091,Thùy Trang,diedIn,Q62,San Francisco,2001.0,37.7775,-122.41638888889,37.7775,-122.41638888889,False,False
Q958407,Lê Phổ,diedIn,Q90,Paris,2001.0,48.856666666667,2.3522222222222,48.856666666667,2.3522222222222,False,False
Q1934397,Nguyễn Văn Toàn,diedIn,Q65,Los Angeles,2005.0,34.05223,-118.24368,34.05223,-118.24368,False,False
Q488644,Nguyễn Văn Hiếu,diedIn,Q19316,Biên Hòa,1975.0,10.950764,106.822136,10.950764,106.822136,True,True
Q81289,Nguyễn Chí Thiện,diedIn,Q49244,Santa Ana,2012.0,33.740833333333,-117.88138888889,33.740833333333,-117.88138888889,False,False
Q3024343,Trần Thị Lý,diedIn,Q25282,Đà Nẵng,1992.0,16.069444444444,108.20972222222,16.069444444444,108.20972222222,True,True
Q119704082,Lưu Văn Lợi,diedIn,Q881,Việt Nam,2016.0,16.0,108.0,16.0,108.0,True,True
Q3460141,Nguyễn Gia Trí,diedIn,Q1854,Thành phố Hồ Chí Minh,1993.0,10.775555555556,106.70194444444,10.775555555556,106.70194444444,True,True
Q540994,Thiệu Trị,diedIn,Q36167,Huế,1847.0,16.456111111111,107.57638888889,16.456111111111,107.57638888889,True,True
Q2068489,Nguyễn Thị Định,diedIn,Q36635,Bến Tre,1992.0,10.233333333333,106.38333333333,10.233333333333,106.38333333333,True,True
Q2061481,Phaolô Nguyễn Văn Hòa,diedIn,Q19491,Nha Trang,2017.0,12.245,109.19166666667,12.245,109.19166666667,True,True
Q10833961,Vũ Đình Liệu,diedIn,Q1854,Thành phố Hồ Chí Minh,2005.0,10.775555555556,106.70194444444,10.775555555556,106.70194444444,True,True
Q1315921,Hàn Mặc Tử,diedIn,Q36081,Quy Nhơn,1940.0,13.769580555556,109.23137222222,13.769580555556,109.23137222222,True,True
Q10829375,Trần Mai Ninh,diedIn,Q881,Việt Nam,1947.0,16.0,108.0,16.0,108.0,True,True
Q10834328,Wanbi Tuấn Anh,diedIn,Q1854,Thành phố Hồ Chí Minh,2013.0,10.775555555556,106.70194444444,10.775555555556,106.70194444444,True,True
Q10836719,Xích Điểu,diedIn,Q1854,Thành phố Hồ Chí Minh,2003.0,10.775555555556,106.70194444444,10.775555555556,106.70194444444,True,True
Q3739528,Thái Thanh,diedIn,Q5925,Quận Cam,2020.0,33.67,-117.78,33.67,-117.78,False,False
Q365944,Nguyễn Văn Tâm,diedIn,Q90,Paris,1990.0,48.856666666667,2.3522222222222,48.856666666667,2.3522222222222,False,False
Q964924,Thích Quảng Độ,diedIn,Q36167,Huế,2020.0,16.456111111111,107.57638888889,16.456111111111,107.57638888889,True,True
Q522266,Micae Nguyễn Khắc Ngữ,diedIn,Q33421,Long Xuyên,2009.0,10.36857,105.4234,10.36857,105.4234,True,True
Q7180366,Phạm Lực,bornIn,Q36167,Huế,1943.0,16.456111111111,107.57638888889,16.456111111111,107.57638888889,True,True
Q7180378,Phạm Quỳnh,bornIn,Q1858,Hà Nội,1892.0,21.0245,105.84117,21.0245,105.84117,True,True
Q7188349,Phùng Công Minh,bornIn,Q881,Việt Nam,1985.0,16.0,108.0,16.0,108.0,True,True
Q10787987,Lê Đại Chúc,bornIn,Q72818,Hải Phòng,1944.0,20.8,106.66666666667,20.8,106.66666666667,True,True
Q705577,Lý Nhân Tông,bornIn,Q1858,Hà Nội,1066.0,21.0245,105.84117,21.0245,105.84117,True,True
Q4016762,Võ Hoàng Yến,bornIn,Q1854,Thành phố Hồ Chí Minh,1988.0,10.775555555556,106.70194444444,10.775555555556,106.70194444444,True,True
Q3739515,Văn Phụng,bornIn,Q1858,Hà Nội,1930.0,21.0245,105.84117,21.0245,105.84117,True,True
Q10787923,Lê Văn Lan,bornIn,Q1858,Hà Nội,1936.0,21.0245,105.84117,21.0245,105.84117,True,True
Q128066,Khuông Việt,bornIn,Q1858,Hà Nội,933.0,21.0245,105.84117,21.0245,105.84117,True,True
Q7022876,Nguyễn Minh Chuyên,bornIn,Q25315,Phan Thiết,1985.0,10.9375,108.15833333333,10.9375,108.15833333333,True,True
Q1391896,Nguyễn Quốc Quân,bornIn,Q881,Việt Nam,1953.0,16.0,108.0,16.0,108.0,True,True
Q3541424,Trương Quốc Huy,bornIn,Q881,Việt Nam,1980.0,16.0,108.0,16.0,108.0,True,True
Q92990,Bùi Tường Phong,bornIn,Q1858,Hà Nội,1942.0,21.0245,105.84117,21.0245,105.84117,True,True
Q1387599,Ngô Minh Chiêu,bornIn,Q1854,Thành phố Hồ Chí Minh,1878.0,10.775555555556,106.70194444444,10.775555555556,106.70194444444,True,True
Q3519562,Thanh Tòng,bornIn,Q1854,Thành phố Hồ Chí Minh,1948.0,10.775555555556,106.70194444444,10.775555555556,106.70194444444,True,True
Q7022915,Nguyễn Phúc Vĩnh Lộc,bornIn,Q36167,Huế,1926.0,16.456111111111,107.57638888889,16.456111111111,107.57638888889,True,True
Q958317,Nguyễn Tiến Minh,bornIn,Q1854,Thành phố Hồ Chí Minh,1983.0,10.775555555556,106.70194444444,10.775555555556,106.70194444444,True,True
Q952839,Cung Lê,bornIn,Q1854,Thành phố Hồ Chí Minh,1972.0,10.775555555556,106.70194444444,10.775555555556,106.70194444444,True,True
Q974252,Phêrô Nguyễn Văn Khảm,bornIn,Q881,Việt Nam,1952.0,16.0,108.0,16.0,108.0,True,True
Q7022932,Nguyễn Quốc Long,bornIn,Q1858,Hà Nội,1988.0,21.0245,105.84117,21.0245,105.84117,True,True
Q1879536,Lê Ngọc Nguyên Nhung,bornIn,Q1854,Thành phố Hồ Chí Minh,1984.0,10.775555555556,106.70194444444,10.775555555556,106.70194444444,True,True
Q949408,Lê Khả Phiêu,bornIn,Q36512,Thanh Hóa,1931.0,20.0,105.5,20.0,105.5,True,True
Q7180374,Phạm Phước Hưng,bornIn,Q1858,Hà Nội,1988.0,21.0245,105.84117,21.0245,105.84117,True,True
Q716497,Trần Hiến Tông,bornIn,Q1858,Hà Nội,1319.0,21.0245,105.84117,21.0245,105.84117,True,True
Q867406,Cindy Thái Tài,bornIn,Q1854,Thành phố Hồ Chí Minh,1981.0,10.775555555556,106.70194444444,10.775555555556,106.70194444444,True,True
Q460917,Trần Nữ Yên Khê,bornIn,Q881,Việt Nam,1968.0,16.0,108.0,16.0,108.0,True,True
Q1771050,Lê Thánh Tông,bornIn,Q1858,Hà Nội,1442.0,21.0245,105.84117,21.0245,105.84117,True,True
Q3739528,Thái Thanh,bornIn,Q1858,Hà Nội,1934.0,21.0245,105.84117,21.0245,105.84117,True,True
Q7180369,Phạm Minh Đức,bornIn,Q881,Việt Nam,1976.0,16.0,108.0,16.0,108.0,True,True
Q7022966,Nguyễn Thị Hoài Thu (vận động viên),bornIn,Q1858,Hà Nội,1985.0,21.0245,105.84117,21.0245,105.84117,True,True
Q19594359,Phạm Mạnh Hùng,bornIn,Q36587,Nghệ An,1993.0,19.333333333333,104.83333333333,19.333333333333,104.83333333333,True,True
Q7180375,Phạm Quang Nghị,bornIn,Q36512,Thanh Hóa,1949.0,20.0,105.5,20.0,105.5,True,True
Q4098435,Bùi Vinh,bornIn,Q881,Việt Nam,1976.0,16.0,108.0,16.0,108.0,True,True
Q1984362,Nguyễn Đức Mộc,bornIn,Q881,Việt Nam,1913.0,16.0,108.0,16.0,108.0,True,True
Q3541755,Võ Đình Tuấn,bornIn,Q19491,Nha Trang,1948.0,12.245,109.19166666667,12.245,109.19166666667,True,True
Q1387616,Nguyễn Bá Cẩn,bornIn,Q216075,Cần Thơ,1930.0,10.1547298,105.5005357,10.1547298,105.5005357,True,True
Q7022892,Nguyễn Ngọc Thanh,bornIn,Q1854,Thành phố Hồ Chí Minh,1982.0,10.775555555556,106.70194444444,10.775555555556,106.70194444444,True,True
Q4254269,Hoàng Văn Phúc,bornIn,Q881,Việt Nam,1964.0,16.0,108.0,16.0,108.0,True,True
Q10787981,Lê Đình Trưởng,bornIn,Q36235,Hưng Yên,1954.0,20.816666666667,106.05,20.816666666667,106.05,True,True
Q3339354,Nguyễn Văn Huyên,bornIn,Q1858,Hà Nội,1908.0,21.0245,105.84117,21.0245,105.84117,True,True
Q310913,Thích Nhất Hạnh,bornIn,Q36167,Huế,1926.0,16.456111111111,107.57638888889,16.456111111111,107.57638888889,True,True
Q3339364,Nguyễn Tiến Trung,bornIn,Q5942559,Hưng Hà,1983.0,20.583,106.167,20.583,106.167,True,True
Q3541426,Trương Thanh Hằng,bornIn,Q1854,Thành phố Hồ Chí Minh,1986.0,10.775555555556,106.70194444444,10.775555555556,106.70194444444,True,True
Q470095,Phan Thanh Giản,bornIn,Q2502014,Biên Hòa,1796.0,10.95,106.87388888889,10.95,106.87388888889,True,True
Q10787982,Lê Đông Phong,bornIn,Q5311201,Đức Hòa,1960.0,10.879166666667,106.425,10.879166666667,106.425,True,True
Q1324691,Trần Văn Dĩnh,bornIn,Q36167,Huế,1923.0,16.456111111111,107.57638888889,16.456111111111,107.57638888889,True,True
Q902692,Nguyễn Phan Long,bornIn,Q1854,Thành phố Hồ Chí Minh,1889.0,10.775555555556,106.70194444444,10.775555555556,106.70194444444,True,True
Q3525668,Lê Minh Đảo,bornIn,Q1854,Thành phố Hồ Chí Minh,1933.0,10.775555555556,106.70194444444,10.775555555556,106.70194444444,True,True
Q3875764,Nguyễn Văn Chiếu,bornIn,Q1854,Thành phố Hồ Chí Minh,1949.0,10.775555555556,106.70194444444,10.775555555556,106.70194444444,True,True
Q1320395,Đào Thiên Hải,bornIn,Q36676,Đồng Tháp,1978.0,10.455015,105.633957,10.455015,105.633957,True,True
Q926022,Nguyễn Huy Hoàng,bornIn,Q36587,Nghệ An,1981.0,19.333333333333,104.83333333333,19.333333333333,104.83333333333,True,True
Q7180372,Phạm Nguyên Sa,bornIn,Q25282,Đà Nẵng,1989.0,16.069444444444,108.20972222222,16.069444444444,108.20972222222,True,True
Q7180371,Phạm Ngọc Lan,bornIn,Q725063,Điện Bàn,1934.0,15.888472222222,108.25456666667,15.888472222222,108.25456666667,True,True
Q469821,Hanoi Hannah,bornIn,Q1858,Hà Nội,1931.0,21.0245,105.84117,21.0245,105.84117,True,True
Q1320513,Phạm Văn Quyến,bornIn,Q36587,Nghệ An,1984.0,19.333333333333,104.83333333333,19.333333333333,104.83333333333,True,True
Q475462,Phạm Duy,diedIn,Q1854,Thành phố Hồ Chí Minh,2013.0,10.775555555556,106.70194444444,10.775555555556,106.70194444444,True,True
Q10807056,Phạm Văn Bạch,diedIn,Q1854,Thành phố Hồ Chí Minh,1986.0,10.775555555556,106.70194444444,10.775555555556,106.70194444444,True,True
Q434419,Minh Mạng,diedIn,Q36167,Huế,1841.0,16.456111111111,107.57638888889,16.456111111111,107.57638888889,True,True
Q1706367,Giuse Maria Trịnh Văn Căn,diedIn,Q1858,Hà Nội,1990.0,21.0245,105.84117,21.0245,105.84117,True,True
Q49054814,Mai Thọ Truyền,diedIn,Q1854,Thành phố Hồ Chí Minh,1973.0,10.775555555556,106.70194444444,10.775555555556,106.70194444444,True,True
Q470920,Lê Đức Anh,diedIn,Q1858,Hà Nội,2019.0,21.0245,105.84117,21.0245,105.84117,True,True
Q10757578,Dương Nghiễm Mậu,diedIn,Q1854,Thành phố Hồ Chí Minh,2016.0,10.775555555556,106.70194444444,10.775555555556,106.70194444444,True,True
Q10828651,Trúc Khê,diedIn,Q1858,Hà Nội,1947.0,21.0245,105.84117,21.0245,105.84117,True,True
Q10829540,Trần Tiêu,diedIn,Q1858,Hà Nội,1954.0,21.0245,105.84117,21.0245,105.84117,True,True
Q121326893,Vũ Ngọc Phượng,diedIn,Q1858,Hà Nội,2022.0,21.0245,105.84117,21.0245,105.84117,True,True
Q926510,Nguyễn Ngọc Thơ,diedIn,Q1854,Thành phố Hồ Chí Minh,1976.0,10.775555555556,106.70194444444,10.775555555556,106.70194444444,True,True
Q10799221,Nguyễn Khánh Dư (nghệ sĩ),diedIn,Q1858,Hà Nội,2007.0,21.0245,105.84117,21.0245,105.84117,True,True
Q10825598,Thành Tôn,diedIn,Q1854,Thành phố Hồ Chí Minh,1997.0,10.775555555556,106.70194444444,10.775555555556,106.70194444444,True,True
Q1708101,Giuse Trần Xuân Tiếu,diedIn,Q33421,Long Xuyên,2025.0,10.36857,105.4234,10.36857,105.4234,True,True
Q379775,Nguyễn Huệ,diedIn,Q36167,Huế,1792.0,16.456111111111,107.57638888889,16.456111111111,107.57638888889,True,True
Q10799077,Nguyễn Duy Trinh,diedIn,Q1858,Hà Nội,1985.0,21.0245,105.84117,21.0245,105.84117,True,True
Q10824731,Thanh Châu (nhà văn),diedIn,Q1854,Thành phố Hồ Chí Minh,2007.0,10.775555555556,106.70194444444,10.775555555556,106.70194444444,True,True
Q10828691,Trương Duy Toản,diedIn,Q1854,Thành phố Hồ Chí Minh,1957.0,10.775555555556,106.70194444444,10.775555555556,106.70194444444,True,True
Q949408,Lê Khả Phiêu,diedIn,Q1858,Hà Nội,2020.0,21.0245,105.84117,21.0245,105.84117,True,True
Q3525662,Lê Văn Hưng,diedIn,Q216075,Cần Thơ,1975.0,10.1547298,105.5005357,10.1547298,105.5005357,True,True
Q1747187,Mai Văn Hòa,diedIn,Q1854,Thành phố Hồ Chí Minh,1971.0,10.775555555556,106.70194444444,10.775555555556,106.70194444444,True,True
Q10799190,Nguyễn Hữu Tiến,diedIn,Q1858,Hà Nội,1941.0,21.0245,105.84117,21.0245,105.84117,True,True
Q10840175,Điềm Phùng Thị,diedIn,Q36167,Huế,2002.0,16.456111111111,107.57638888889,16.456111111111,107.57638888889,True,True
Q10799256,Nguyễn Lam,diedIn,Q1858,Hà Nội,1990.0,21.0245,105.84117,21.0245,105.84117,True,True
Q10799222,Nguyễn Khánh Toàn,diedIn,Q1858,Hà Nội,1993.0,21.0245,105.84117,21.0245,105.84117,True,True
Q1797921,Xuân Thủy,diedIn,Q1858,Hà Nội,1985.0,21.0245,105.84117,21.0245,105.84117,True,True
Q10829453,Trần Quốc Hoàn,diedIn,Q1858,Hà Nội,1986.0,21.0245,105.84117,21.0245,105.84117,True,True
Q1684618,Gioan Baotixita Bùi Tuần,diedIn,Q33421,Long Xuyên,2024.0,10.36857,105.4234,10.36857,105.4234,True,True
Q48887811,Năm Phỉ,diedIn,Q1854,Thành phố Hồ Chí Minh,1954.0,10.775555555556,106.70194444444,10.775555555556,106.70194444444,True,True
Q379489,Phan Văn Khải,diedIn,Q1854,Thành phố Hồ Chí Minh,2018.0,10.775555555556,106.70194444444,10.775555555556,106.70194444444,True,True
Q10829448,Trần Quyết,diedIn,Q1858,Hà Nội,2010.0,21.0245,105.84117,21.0245,105.84117,True,True
Q10825879,Thép Mới,diedIn,Q1854,Thành phố Hồ Chí Minh,1991.0,10.775555555556,106.70194444444,10.775555555556,106.70194444444,True,True
Q10799091,Nguyễn Hiến Lê,diedIn,Q1854,Thành phố Hồ Chí Minh,1984.0,10.775555555556,106.70194444444,10.775555555556,106.70194444444,True,True
Q10824152,Tađêô Lê Hữu Từ,diedIn,Q1854,Thành phố Hồ Chí Minh,1967.0,10.775555555556,106.70194444444,10.775555555556,106.70194444444,True,True
Q2368890,Hoàng Diệu,diedIn,Q1858,Hà Nội,1882.0,21.0245,105.84117,21.0245,105.84117,True,True
Q10826467,Thế Lữ,diedIn,Q1854,Thành phố Hồ Chí Minh,1989.0,10.775555555556,106.70194444444,10.775555555556,106.70194444444,True,True
Q10757068,Dung Hà,diedIn,Q1854,Thành phố Hồ Chí Minh,2000.0,10.775555555556,106.70194444444,10.775555555556,106.70194444444,True,True
Q10806914,Phạm Huỳnh Tam Lang,diedIn,Q1854,Thành phố Hồ Chí Minh,2014.0,10.775555555556,106.70194444444,10.775555555556,106.70194444444,True,True
Q2618384,Trần Đức Thảo,diedIn,Q90,Paris,1993.0,48.856666666667,2.3522222222222,48.856666666667,2.3522222222222,False,False
Q10829325,Trần Hồng Quân,diedIn,Q1854,Thành phố Hồ Chí Minh,2023.0,10.775555555556,106.70194444444,10.775555555556,106.70194444444,True,True
Q10748315,Chí Tài,diedIn,Q1854,Thành phố Hồ Chí Minh,2020.0,10.775555555556,106.70194444444,10.775555555556,106.70194444444,True,True
Q10799268,Nguyễn Lương Bằng,diedIn,Q1858,Hà Nội,1979.0,21.0245,105.84117,21.0245,105.84117,True,True
Q10829353,Trần Kim Thạch,diedIn,Q1854,Thành phố Hồ Chí Minh,2009.0,10.775555555556,106.70194444444,10.775555555556,106.70194444444,True,True
Q313322,Nguyễn Du,diedIn,Q36167,Huế,1820.0,16.456111111111,107.57638888889,16.456111111111,107.57638888889,True,True
Q10799165,Nguyễn Hữu Hạnh,diedIn,Q1854,Thành phố Hồ Chí Minh,2019.0,10.775555555556,106.70194444444,10.775555555556,106.70194444444,True,True
Q10829465,Trần Quỳnh,diedIn,Q1858,Hà Nội,2005.0,21.0245,105.84117,21.0245,105.84117,True,True
Q10828719,Trương Quang Được,diedIn,Q1858,Hà Nội,2016.0,21.0245,105.84117,21.0245,105.84117,True,True
Q10828731,Trương Thanh Đăng,diedIn,Q1854,Thành phố Hồ Chí Minh,1985.0,10.775555555556,106.70194444444,10.775555555556,106.70194444444,True,True
Q10799207,Nguyễn Khang,diedIn,Q1858,Hà Nội,1976.0,21.0245,105.84117,21.0245,105.84117,True,True
Q10744296,Cao Xuân Hạo,diedIn,Q1854,Thành phố Hồ Chí Minh,2007.0,10.775555555556,106.70194444444,10.775555555556,106.70194444444,True,True
Q465259,Hồ Xuân Hương,diedIn,Q1858,Hà Nội,1822.0,21.0245,105.84117,21.0245,105.84117,True,True
Q1460430,Phaolô Nguyễn Thanh Hoan,diedIn,Q25315,Phan Thiết,2014.0,10.9375,108.15833333333,10.9375,108.15833333333,True,True
Q439381,Phaolô Lê Đắc Trọng,diedIn,Q1858,Hà Nội,2009.0,21.0245,105.84117,21.0245,105.84117,True,True
Q6711240,Lê Văn Thiêm,diedIn,Q1854,Thành phố Hồ Chí Minh,1991.0,10.775555555556,106.70194444444,10.775555555556,106.70194444444,True,True
Q6706064,Lưu Trọng Lư,diedIn,Q1858,Hà Nội,1991.0,21.0245,105.84117,21.0245,105.84117,True,True
Q10800056,Nguyễn Xiển,diedIn,Q1858,Hà Nội,1997.0,21.0245,105.84117,21.0245,105.84117,True,True
Q10787486,Lâm Quang Thự,diedIn,Q1858,Hà Nội,1990.0,21.0245,105.84117,21.0245,105.84117,True,True
Q10743053,Băng Sơn,diedIn,Q1858,Hà Nội,2010.0,21.0245,105.84117,21.0245,105.84117,True,True
Q6649678,Lê Huyền Tông,diedIn,Q1858,Hà Nội,1671.0,21.0245,105.84117,21.0245,105.84117,True,True
Q10829886,Trịnh Thịnh,diedIn,Q1858,Hà Nội,2014.0,21.0245,105.84117,21.0245,105.84117,True,True
Q10757497,Dũng Hà,diedIn,Q1858,Hà Nội,2011.0,21.0245,105.84117,21.0245,105.84117,True,True
Q10825199,Thiếu Sơn,diedIn,Q36167,Huế,1978.0,16.456111111111,107.57638888889,16.456111111111,107.57638888889,True,True
Q10787814,Lê Thanh Nghị,diedIn,Q1858,Hà Nội,1989.0,21.0245,105.84117,21.0245,105.84117,True,True
Q10742839,Bùi Trang Chước,diedIn,Q1858,Hà Nội,1992.0,21.0245,105.84117,21.0245,105.84117,True,True
Q10806320,Phương Thanh,diedIn,Q1858,Hà Nội,2009.0,21.0245,105.84117,21.0245,105.84117,True,True
Q10761668,Giàng Seo Phử,diedIn,Q1858,Hà Nội,2017.0,21.0245,105.84117,21.0245,105.84117,True,True
Q1387616,Nguyễn Bá Cẩn,diedIn,Q16553,San Jose,2009.0,37.304166666667,-121.87277777778,37.304166666667,-121.87277777778,False,False
Q10742872,Bùi Ðình Hạc,diedIn,Q1858,Hà Nội,2023.0,21.0245,105.84117,21.0245,105.84117,True,True
Q10831190,Tô Hoài,diedIn,Q1858,Hà Nội,2014.0,21.0245,105.84117,21.0245,105.84117,True,True
Q113457479,Bưu điện Hà Nội,locatedIn,Q1134529,Hoàn Kiếm,,21.0266106,105.8535267,21.02858,105.850613,True,True
Q24957572,Đền Thượng,locatedIn,Q10787435,Lào Cai,,,,22.49861111,103.9855556,True,True
Q137452374,Đình Hiệp Ninh,locatedIn,Q130391,Tây Ninh,1880.0,11.3064235,106.0982276,11.3130942,106.096344,True,True
Q108872896,Bảo tàng tỉnh Yên Bái,locatedIn,Q26019,Yên Bái,,21.728265116822,104.89970121215,21.7325,104.90638888889,True,True
Q113457479,Bưu điện Hà Nội,locatedIn,Q16480212,Tràng Tiền,,21.0266106,105.8535267,21.025555555556,105.85472222222,True,True
Q108875690,Bảo tàng Bắc Ninh,locatedIn,Q33408,Bắc Ninh,,,,21.1,106.1,True,True
Q31992793,Thành cổ Biên Hòa,locatedIn,Q19316,Biên Hòa,,10.9508,106.817054,10.950764,106.822136,True,True
Q391406,Thánh địa Mỹ Sơn,locatedIn,Q25282,Đà Nẵng,,15.76324,108.124446,16.069444444444,108.20972222222,True,True
Q1835176,Bảo tàng Hà Nội,locatedIn,Q1858,Hà Nội,2010.0,21.011,105.786,21.0245,105.84117,True,True
Q110889091,Bảo tàng tỉnh Hải Dương,locatedIn,Q36729,Hải Dương,,20.944332719741,106.3302109,20.916666666667,106.33333333333,True,True
Q111427470,Bảo tàng tỉnh Bạc Liêu,locatedIn,Q36658,Bạc Liêu,,9.287662768152,105.72518463069,9.3,105.5,True,True
Q111016726,Bảo tàng tỉnh Lạng Sơn,locatedIn,Q33403,Lạng Sơn,,21.845154757817,106.75772978466,21.75,106.5,True,True
Q111427748,Bảo tàng tỉnh Quảng Nam,locatedIn,Q33356,Quảng Nam,,15.579918402228,108.47558421534,15.55,108.05,True,True
Q113457479,Bưu điện Hà Nội,locatedIn,Q1858,Hà Nội,,21.0266106,105.8535267,21.0245,105.84117,True,True
Q798059,Cổ Loa,locatedIn,Q135672028,Đông Anh (huyện),,21.113408,105.873206,21.14144,105.844945,True,True
Q109121937,Bảo tàng tỉnh Hà Tĩnh,locatedIn,Q33351,Hà Tĩnh,,18.343992534454,105.903972,18.333333333333,105.9,True,True
Q864767,Bảo tàng Thành phố Hồ Chí Minh,locatedIn,Q135026770,Sài Gòn,1890.0,10.77611111,106.69972222,10.780555555556,106.69916666667,True,True
Q10796139,Mái Đá Ngườm,locatedIn,Q10826368,Thần Sa,,,,21.8375,105.8988889,True,True
Q10796139,Mái Đá Ngườm,locatedIn,Q10826368,Thần Sa,,,,21.826666666667,105.89722222222,True,True
Q16481025,Đan viện Châu Sơn,locatedIn,Q7023368,Nho Quan,,20.341222222222,105.73377777778,20.333,105.75,True,True
Q864767,Bảo tàng Thành phố Hồ Chí Minh,locatedIn,Q135026770,Sài Gòn,1890.0,10.77611111,106.69972222,10.780277777778,106.70305555556,True,True
Q6941045,Bảo tàng Lịch sử Thành phố Hồ Chí Minh,locatedIn,Q1854,Thành phố Hồ Chí Minh,1929.0,10.78484,106.70759,10.775555555556,106.70194444444,True,True
Q933384,Dinh Độc Lập,locatedIn,Q1854,Thành phố Hồ Chí Minh,1955.0,10.77705,106.69537,10.775555555556,106.70194444444,True,True
Q10840076,Đan viện Cát Minh Sài Gòn,locatedIn,Q135026770,Sài Gòn,,10.783183,106.704349,10.780555555556,106.69916666667,True,True
Q18207723,Bảo tàng Lực lượng Vũ trang miền Đông Nam Bộ,locatedIn,Q1854,Thành phố Hồ Chí Minh,1988.0,10.8,106.666,10.775555555556,106.70194444444,True,True
Q109438230,Tháp Vĩnh Hưng,locatedIn,Q10833569,Vĩnh Hưng A,900.0,9.3930840095307,105.5781835,9.3969444444444,105.58055555556,True,True
Q10840076,Đan viện Cát Minh Sài Gòn,locatedIn,Q135026770,Sài Gòn,,10.783183,106.704349,10.780277777778,106.70305555556,True,True
Q7932540,Chùa Vĩnh Tràng,locatedIn,Q33425,Mỹ Tho,,10.362809,106.373749,10.36,106.36,True,True
Q6941009,Bảo tàng Văn hóa Sa Huỳnh,locatedIn,Q36160,Hội An,,15.877005,108.326415,15.877669444444,108.33265,True,True
Q109120707,Bảo tàng tỉnh Nam Định,locatedIn,Q36907,Nam Định,,20.424513864117,106.17372102328,20.25,106.25,True,True
Q18415661,Điện Kính Thiên,locatedIn,Q1858,Hà Nội,1428.0,21.037661908352,105.84109896084,21.0245,105.84117,True,True
Q2344822,Óc Eo,locatedIn,Q1626255,Thoại Sơn,,10.232944,105.162994,10.320833333333,105.26666666667,True,True
Q10829978,"Tu viện Dòng Thánh Phaolô thành Chartres, Sài Gòn",locatedIn,Q1854,Thành phố Hồ Chí Minh,,,,10.775555555556,106.70194444444,True,True
Q6941034,Bảo tàng Gốm sứ Mậu dịch,locatedIn,Q36160,Hội An,,15.877233,108.329677,15.877669444444,108.33265,True,True
Q113457479,Bưu điện Hà Nội,locatedIn,Q16480212,Tràng Tiền,,21.0266106,105.8535267,21.02611111,105.8527778,True,True
Q10743280,Bảo tàng Chiến thắng B52,locatedIn,Q1858,Hà Nội,,21.035555555556,105.82611111111,21.0245,105.84117,True,True
Q10825223,Thiền viện Vạn Hạnh (Đà Lạt),locatedIn,Q25281,Đà Lạt,,11.97226111,108.4419722,11.94,108.4375,True,True
Q5370340,Bảo tàng Cách mạng Việt Nam,locatedIn,Q1858,Hà Nội,1959.0,21.0253,105.8587,21.0245,105.84117,True,True
Q20025273,Bảo tàng Tăng Thiết giáp,locatedIn,Q10798880,Nghĩa Đô,,,,21.046666666667,105.80083333333,True,True
Q24957573,Đền Cấm,locatedIn,Q33373,Lào Cai,,22.4952589,103.97770661,22.419444444444,103.995,True,True
Q31630071,Lò gốm cổ Hưng Lợi,locatedIn,Q5283273,Quận 8,,,,10.726944444444,106.63722222222,True,True
Q109289165,Bảo tàng tỉnh Bình Dương,locatedIn,Q36866,Bình Dương,,10.990275900918,106.66326997672,11.166666666667,106.66666666667,True,True
Q864767,Bảo tàng Thành phố Hồ Chí Minh,locatedIn,Q1854,Thành phố Hồ Chí Minh,1890.0,10.77611111,106.69972222,10.775555555556,106.70194444444,True,True
Q108866931,Bảo tàng tỉnh Thanh Hóa,locatedIn,Q36512,Thanh Hóa,,19.815241550954,105.7801022,20.0,105.5,True,True
Q65165794,Bảo tàng Tổng hợp tỉnh Bình Định,locatedIn,Q36693,Bình Định,1980.0,13.771179985503,109.23350764603,14.166666666667,109.0,True,True
Q5370414,Bảo tàng Lịch sử Việt Nam,locatedIn,Q1134529,Hoàn Kiếm,1958.0,21.024722222222,105.85972222222,21.02858,105.850613,True,True
Q136649216,Nhà hát Cải lương Hà Nội,locatedIn,Q1858,Hà Nội,,21.034355438937,105.85220189089,21.0245,105.84117,True,True
Q10825849,Tháp Phú Diên,locatedIn,Q36399,Huế,,16.4957797,107.746104,16.463888888889,107.58666666667,True,True
Q6485590,Làng Cả,locatedIn,Q36082,Việt Trì,,,,21.313558333333,105.39465277778,True,True
Q109438230,Tháp Vĩnh Hưng,locatedIn,Q10833569,Vĩnh Hưng A,900.0,9.3930840095307,105.5781835,9.3880555555556,105.59361111111,True,True
Q7928443,Mộ thuyền Việt Khê,locatedIn,Q10805811,Phù Ninh,,,,20.977867,106.59047,True,True
Q10743287,Bảo tàng Phụ nữ Việt Nam,locatedIn,Q1858,Hà Nội,1987.0,21.023463,105.851619,21.0245,105.84117,True,True
Q10743287,Bảo tàng Phụ nữ Việt Nam,locatedIn,Q1858,Hà Nội,1995.0,21.023463,105.851619,21.0245,105.84117,True,True
Q86012381,Trụ sở Bộ Ngoại giao Việt Nam,locatedIn,Q1858,Hà Nội,,21.035705,105.837,21.0245,105.84117,True,True
Q7187240,Phong Châu,locatedIn,Q36082,Việt Trì,-2523.0,21.2817,105.442,21.313558333333,105.39465277778,True,True
Q114397271,Bảo tàng Hội An,locatedIn,Q36160,Hội An,,15.879,108.329,15.877669444444,108.33265,True,True
Q112648602,Bảo tàng Đồng Nai,locatedIn,Q33271,Đồng Nai,2000.0,10.958457820877,106.8296224904,11.110278,107.181111,True,True
Q10739083,One Central Saigon,locatedIn,Q1854,Thành phố Hồ Chí Minh,,,,10.775555555556,106.70194444444,True,True
Q18164670,"Bảo tàng Quân khu 5, Đà Nẵng",locatedIn,Q25282,Đà Nẵng,,16.0487,108.218,16.069444444444,108.20972222222,True,True
Q32206985,Nền Chùa,locatedIn,Q36576,Kiên Giang,,10.111573,105.107447,10.0,105.16666666667,True,True
Q10743440,Bến Nhà Rồng,locatedIn,Q1854,Thành phố Hồ Chí Minh,,10.76824,106.706799,10.775555555556,106.70194444444,True,True
Q10829978,"Tu viện Dòng Thánh Phaolô thành Chartres, Sài Gòn",locatedIn,Q135026770,Sài Gòn,,,,10.780555555556,106.69916666667,True,True
Q111188078,Bảo tàng Lịch sử Thừa Thiên Huế,locatedIn,Q36167,Huế,1976.0,16.472412074208,107.58177285397,16.456111111111,107.57638888889,True,True
Q10829978,"Tu viện Dòng Thánh Phaolô thành Chartres, Sài Gòn",locatedIn,Q135026770,Sài Gòn,,,,10.780277777778,106.70305555556,True,True
Q30744118,Bảo tàng Nghệ thuật Di sản vô giá,locatedIn,Q36160,Hội An,,15.877233,108.334205,15.877669444444,108.33265,True,True
Q108872896,Bảo tàng tỉnh Yên Bái,locatedIn,Q26019,Yên Bái,,21.728265116822,104.89970121215,21.7,104.86666666667,True,True
Q112182634,Bảo tàng Quảng Ninh,locatedIn,Q33396,Quảng Ninh,,20.948765313156,107.09748922476,21.25,107.33333333333,True,True
Q130218117,Mỹ Sơn nhóm tháp A,locatedIn,Q2090854,Duy Xuyên,,15.762881897961,108.125219494,15.841041,108.283391,True,True
Q24957572,Đền Thượng,locatedIn,Q10787435,Lào Cai,,,,22.51027778,103.9830556,True,True
Q1048345,Bảo tàng Dân tộc học Việt Nam,locatedIn,Q1858,Hà Nội,,21.0406,105.799,21.0245,105.84117,True,True
Q5370392,Khu di tích Phủ Chủ tịch,locatedIn,Q1858,Hà Nội,,21.037901,105.833547,21.0245,105.84117,True,True
Q31992793,Thành cổ Biên Hòa,locatedIn,Q33271,Đồng Nai,,10.9508,106.817054,11.110278,107.181111,True,True
Q111164669,Bảo tàng tỉnh Hà Giang,locatedIn,Q36685,Hà Giang,,22.831260325972,104.98396756138,22.75,105.0,True,True
Q10763514,Gò Tháp,locatedIn,Q36676,Đồng Tháp,,10.597419,105.824948,10.455015,105.633957,True,True
Q8052668,Bảo tàng Alexandre Yersin,locatedIn,Q19491,Nha Trang,,12.2515,109.196,12.245,109.19166666667,True,True
Q5157981,Hang Con Moong,locatedIn,Q3519409,Thạch Thành,,20.2875,105.605,20.167,105.667,True,True
Q1359941,nhà tù Hỏa Lò,locatedIn,Q1858,Hà Nội,1896.0,21.025277777778,105.84638888889,21.0245,105.84117,True,True
Q31630071,Lò gốm cổ Hưng Lợi,locatedIn,Q1854,Thành phố Hồ Chí Minh,,,,10.775555555556,106.70194444444,True,True
Q137452374,Đình Hiệp Ninh,locatedIn,Q2289221,Nam Bộ,1880.0,11.3064235,106.0982276,10.876,106.743,True,True
Q10840076,Đan viện Cát Minh Sài Gòn,locatedIn,Q1854,Thành phố Hồ Chí Minh,,10.783183,106.704349,10.775555555556,106.70194444444,True,True
Q8079932,Đình Đình Bảng,locatedIn,Q33381,Bắc Ninh,,21.1083,105.952,21.18608,106.07631,True,True
Q5029086,Bảo tàng Cần Thơ,locatedIn,Q216075,Cần Thơ,,10.0352,105.7867,10.1547298,105.5005357,True,True
Q6941045,Bảo tàng Lịch sử Thành phố Hồ Chí Minh,locatedIn,Q135026770,Sài Gòn,1929.0,10.78484,106.70759,10.780555555556,106.69916666667,True,True
Q109425809,Bảo tàng tỉnh Long An,locatedIn,Q26573,Long An,1985.0,10.528579175161,106.39411236931,10.666666666667,106.16666666667,True,True
Q109378264,Bảo tàng tỉnh Đồng Tháp,locatedIn,Q36676,Đồng Tháp,,10.454326180002,105.63263844603,10.455015,105.633957,True,True
Q24957572,Đền Thượng,locatedIn,Q10787435,Lào Cai,,,,22.498611111111,103.98805555556,True,True
Q6941045,Bảo tàng Lịch sử Thành phố Hồ Chí Minh,locatedIn,Q135026770,Sài Gòn,1929.0,10.78484,106.70759,10.780277777778,106.70305555556,True,True
Q1048345,Bảo tàng Dân tộc học Việt Nam,locatedIn,Q1858,Hà Nội,,21.040555555556,105.79833333333,21.0245,105.84117,True,True
Q962370,Trận Hà Nội 1946,occurredAt,Q1858,Hà Nội,1946.0,21.033333333333,105.85,21.0245,105.84117,True,True
Q1320031,Trận Bình Giã,occurredAt,Q672063,Bình Giã,1964.0,10.65,107.28333333,10.640833333333,107.28861111111,True,True
Q4870828,Trận Cầu Giấy (1883),occurredAt,Q267015,Cầu Giấy,1883.0,21.03,105.79,21.03,105.79,True,True
Q259526,Trận Long Tân,occurredAt,Q3138964,Long Tân,1966.0,10.553888888889,107.25888888889,10.43694,107.27694,True,True
Q796498,Chiến tranh Đông Dương lần thứ ba,occurredAt,Q881,Việt Nam,1975.0,16.0,108.0,16.0,108.0,True,True
Q2026397,Chiến dịch Speedy Express,occurredAt,Q1052867,Đồng bằng sông Cửu Long,1968.0,10.04,105.8,10.04,105.8,True,True
Q4273438,Trận Kontum,occurredAt,Q36493,Kon Tum,1972.0,14.3561,108.008,14.354444444444,108.0075,True,True
Q588774,Trận Đồng Xoài,occurredAt,Q665981,Đồng Xoài,1965.0,11.521111111111,106.85083333333,11.521111111111,106.85083333333,True,True
Q487431,Trận Quang Thạnh,occurredAt,Q10828503,Trà Bình,1967.0,15.24388889,108.6133333,15.24388889,108.6133333,True,True
Q131438310,Trận thành Đông Quan,occurredAt,Q1858,Hà Nội,1426.0,21.0245,105.84117,21.0245,105.84117,True,True
Q487076,Chiến dịch Xuân Lộc,occurredAt,Q5258599,Xuân Lộc,1975.0,10.923333333333,107.23916666667,10.926348,107.402681,True,True
Q796498,Chiến tranh Đông Dương lần thứ ba,occurredAt,Q424,Campuchia,1975.0,12.5,105.0,12.5,105.0,True,True
Q4873055,Trận Đức Cơ,occurredAt,Q5311199,Đức Cơ,1966.0,13.78454,107.6697,13.78454,107.6697,True,True
Q487431,Trận Quang Thạnh,occurredAt,Q10828503,Trà Bình,1967.0,15.241388888889,108.60861111111,15.241388888889,108.60861111111,True,True
Q796498,Chiến tranh Đông Dương lần thứ ba,occurredAt,Q11708,Đông Nam Á,1975.0,12.0,105.1,12.0,105.1,True,True
Q796498,Chiến tranh Đông Dương lần thứ ba,occurredAt,Q29520,Trung Quốc,1975.0,35.0,105.0,35.0,105.0,False,False
Q4872414,Trận Sông Bé,occurredAt,Q10822747,Sông Bé,1965.0,11.004166666667,106.65833333333,11.004166666667,106.65833333333,True,True
Q1465784,Trận Tầm Bó,occurredAt,Q7189910,Phước Tuy,1966.0,10.490704,107.168473,10.490704,107.168473,True,True
Q697053,Trận Mậu Thân tại Huế,occurredAt,Q36167,Huế,1968.0,16.4675,107.58,16.456111111111,107.57638888889,True,True
Q588774,Trận Đồng Xoài,occurredAt,Q665981,Đồng Xoài,1965.0,11.520833333333,106.85,11.520833333333,106.85,True,True
Q2889101,Trận Làng Vây,occurredAt,Q36579,Quảng Trị,1968.0,16.60972222,106.69611111,16.75,107.0,True,True
Q3380491,Trận Sài Gòn (1955),occurredAt,Q1854,Thành phố Hồ Chí Minh,1955.0,10.775555555556,106.70194444444,10.775555555556,106.70194444444,True,True
Q4871237,Chiến dịch Hòa Bình,occurredAt,Q36015,Hòa Bình,1951.0,20.8133,105.338,20.666666666667,105.33333333333,True,True
Q692885,Vụ tập kích Sơn Tây,occurredAt,Q1365138,Sơn Tây,1970.0,21.144355555556,105.49588055556,21.133333333333,105.5,True,True
Q4871659,Trận Đắk Pơ,occurredAt,Q6748577,Mang Yang,1954.0,14.0,108.25,13.929166666667,108.30416666667,True,True
Q635533,Xung đột biên giới Việt Nam-Campuchia (1975-1979),occurredAt,Q424,Campuchia,1989.0,12.5,105.0,12.5,105.0,True,True
Q3381201,Chiến dịch An Lão,occurredAt,Q4750136,An Lão,1964.0,14.558333333333,108.8,14.558333333333,108.8,True,True
Q604897,Chiến dịch Điện Biên Phủ,occurredAt,Q36027,Điện Biên Phủ,1954.0,21.386944444444,103.01555555556,21.392377,103.015958,True,True
Q220882,Chiến dịch Junction City,occurredAt,Q130391,Tây Ninh,1967.0,11.3130942,106.096344,11.3130942,106.096344,True,True
Q2237223,Chiến dịch Trị Thiên,occurredAt,Q36579,Quảng Trị,1972.0,16.733,106.967,16.75,107.0,True,True
Q4845763,Trận Lộc Ninh,occurredAt,Q6711776,Lộc Ninh,1972.0,11.41888889,106.27027778,11.858333333333,106.57916666667,True,True
Q247395,Trận Đồi Thịt Băm,occurredAt,Q8520389,,1969.0,16.253055555556,107.17472222222,16.25,107.18333333333,True,True
Q4870486,Trận Bình Ba,occurredAt,Q2925938,Bình Ba,1969.0,10.59,107.23,10.619722222222,107.21583333333,True,True
Q3381201,Chiến dịch An Lão,occurredAt,Q4750136,An Lão,1964.0,14.55676,108.801,14.55676,108.801,True,True
Q23020687,Trận Lạng Sơn,occurredAt,Q33383,Lạng Sơn,1979.0,21.847777777778,106.75777777778,21.847777777778,106.75777777778,True,True
Q796498,Chiến tranh Đông Dương lần thứ ba,occurredAt,Q869,Thái Lan,1975.0,14.0,101.0,14.0,101.0,False,False
Q714749,Trận Ia Đrăng,occurredAt,Q2904975,Suối Ia Drang,1965.0,13.58333333,107.71666667,13.316118480556,107.33822933056,True,True
Q2888227,Chiến dịch Tây Nguyên,occurredAt,Q33469,Buôn Ma Thuột,1975.0,12.68,108.06,12.666666666667,108.05,True,True
Q5452524,Chiến dịch Lộc Ninh,occurredAt,Q6711776,Lộc Ninh,1967.0,11.85851,106.57854,11.85851,106.57854,True,True
Q23020683,Trận Cao Bằng 1979,occurredAt,Q36865,Cao Bằng,1979.0,22.75,106.08333333333,22.75,106.08333333333,True,True
Q4872690,Trận Vĩnh Yên,occurredAt,Q36088,Vĩnh Yên,1951.0,21.31,105.59666666667,21.31,105.59666666667,True,True
Q486866,Chiến dịch Linebacker II,occurredAt,Q172640,Việt Nam Dân chủ Cộng hòa,1972.0,21.033333,105.85,21.033333,105.85,True,True
Q4871119,Trận Gò Công,occurredAt,Q5626082,Gò Công,1963.0,10.366666666667,106.66666666667,10.366666666667,106.66666666667,True,True
Q1519185,Chiến dịch Hastings,occurredAt,Q2349960,Khu phi quân sự vĩ tuyến 17,1966.0,16.9875,107.0359,16.9875,107.0359,True,True
Q16208767,Trận Lào Cai,occurredAt,Q36446,Lào Cai,1979.0,22.3,104.16666666667,22.3,104.16666666667,True,True
Q859217,Chiến dịch Cedar Falls,occurredAt,Q1151196,Củ Chi,1967.0,10.97333,106.49325,10.97333,106.49325,True,True
Q550500,Trận Nam Đông,occurredAt,Q6961080,Nam Đông,1964.0,16.12396,107.6927,16.12396,107.6927,True,True
Q901263,Chiến dịch Đắk Tô-Tân Cảnh (1967),occurredAt,Q36315,Kon Tum,1967.0,14.651111111111,107.79861111111,14.75,107.91666666667,True,True
Q682195,Chiến dịch Masher,occurredAt,Q2276503,Bồng Sơn,1966.0,14.43333333,109.01666667,14.43333333,109.01666667,True,True
Q2748355,Chiến dịch Biên giới,occurredAt,Q10840765,Đông Khê,1950.0,22.4242,106.44,22.4242,106.44,True,True
Q2748355,Chiến dịch Biên giới,occurredAt,Q10840765,Đông Khê,1950.0,22.421388888889,106.44611111111,22.421388888889,106.44611111111,True,True
Q682195,Chiến dịch Masher,occurredAt,Q2276503,Bồng Sơn,1966.0,14.431111111111,108.9975,14.431111111111,108.9975,True,True
Q4871591,Trận Long Khánh,occurredAt,Q6672777,Long Khánh,1971.0,11.110280555556,107.18111111111,,,True,True
Q4871890,Chiến dịch Lý Thường Kiệt,occurredAt,Q622778,Miền Bắc,1951.0,21.603888888889,104.50388888889,21.0,106.0,True,True
Q4273438,Trận Kontum,occurredAt,Q36493,Kon Tum,1972.0,14.3561,108.008,14.341666666667,107.97916666667,True,True
Q4873055,Trận Đức Cơ,occurredAt,Q5311199,Đức Cơ,1966.0,13.783333333333,107.67083333333,13.783333333333,107.67083333333,True,True
Q482456,Sự kiện 30 tháng 4 năm 1975,occurredAt,Q1854,Thành phố Hồ Chí Minh,1975.0,10.778055555556,106.69611111111,10.775555555556,106.70194444444,True,True
Q23020685,Trận Đồng Đăng (1979),occurredAt,Q1285379,Đồng Đăng,1979.0,21.9458,106.697,21.9458,106.697,True,True
Q5452524,Chiến dịch Lộc Ninh,occurredAt,Q6711776,Lộc Ninh,1967.0,11.858333333333,106.57916666667,11.858333333333,106.57916666667,True,True
Q4845763,Trận Lộc Ninh,occurredAt,Q6711776,Lộc Ninh,1972.0,11.41888889,106.27027778,11.85851,106.57854,True,True
Q796498,Chiến tranh Đông Dương lần thứ ba,occurredAt,Q148,Trung Quốc,1975.0,35.844722222222,103.45194444444,35.844722222222,103.45194444444,False,False
Q4273438,Trận Kontum,occurredAt,Q36493,Kon Tum,1972.0,14.3561,108.008,14.343611111111,107.97888888889,True,True
Q796498,Chiến tranh Đông Dương lần thứ ba,occurredAt,Q819,Lào,1975.0,18.2,104.1,18.2,104.1,True,True
Q796498,Chiến tranh Đông Dương lần thứ ba,occurredAt,Q43467,Bán đảo Đông Dương,1975.0,16.0,102.0,16.0,102.0,True,True
